PLAYER_NAME,PTS,AST,REB,STL,BLK,TOV,FG3A,FTA,MIN,ARCHETYPE
A.J. Lawson,3.051282051282051,0.46153846153846156,1.2307692307692308,0.2564102564102564,0.05128205128205128,0.358974358974359,1.0769230769230769,0.48717948717948717,7.282051282051282,3
AJ Green,4.584905660377358,0.5094339622641509,1.169811320754717,0.16981132075471697,0.07547169811320754,0.22641509433962265,3.0943396226415096,0.33962264150943394,11.075471698113208,3
Aaron Gordon,13.985714285714286,3.557142857142857,6.557142857142857,0.7142857142857143,0.5714285714285714,1.4714285714285715,1.9142857142857144,3.7857142857142856,31.542857142857144,0
Aaron Holiday,6.773333333333333,1.8533333333333333,1.5866666666666667,0.56,0.08,0.68,2.8266666666666667,0.84,16.453333333333333,3
Aaron Nesmith,12.159420289855072,1.5072463768115942,3.7246376811594204,0.9420289855072463,0.6666666666666666,0.9130434782608695,4.608695652173913,1.8985507246376812,27.72463768115942,1
Aaron Wiggins,7.133333333333334,1.1333333333333333,2.44,0.7466666666666667,0.24,0.72,1.6533333333333333,0.92,15.906666666666666,3
Adama Sanogo,4.666666666666667,0.0,5.0,0.16666666666666666,0.0,0.6666666666666666,0.0,1.5,9.166666666666666,3
Al Horford,8.806451612903226,2.629032258064516,6.306451612903226,0.5806451612903226,0.9838709677419355,0.6774193548387096,4.032258064516129,0.4838709677419355,27.016129032258064,1
Alec Burks,10.158730158730158,1.3650793650793651,2.2063492063492065,0.42857142857142855,0.14285714285714285,0.7619047619047619,4.888888888888889,2.4126984126984126,17.92063492063492,1
Alex Caruso,10.205882352941176,3.5,3.7205882352941178,1.6470588235294117,1.0,1.4852941176470589,4.764705882352941,1.3529411764705883,28.926470588235293,1
Alex Len,2.6666666666666665,1.0888888888888888,2.7555555555555555,0.24444444444444444,0.7111111111111111,0.6,0.044444444444444446,0.7555555555555555,9.6,3
Alondes Williams,0.5,0.0,0.0,0.0,0.25,0.25,0.5,0.0,1.25,3
Alperen Sengun,21.216666666666665,4.866666666666666,9.366666666666667,1.2333333333333334,0.75,2.5833333333333335,1.75,5.633333333333334,32.416666666666664,2
Amen Thompson,9.677966101694915,2.6779661016949152,6.762711864406779,1.305084745762712,0.6271186440677966,1.4406779661016949,0.8135593220338984,2.5254237288135593,22.610169491525422,0
Amir Coffey,6.880597014925373,1.1044776119402986,2.1940298507462686,0.6119402985074627,0.208955223880597,0.4626865671641791,2.746268656716418,1.0298507462686568,21.47761194029851,3
Andre Drummond,8.513157894736842,0.4473684210526316,9.157894736842104,0.9078947368421053,0.618421052631579,1.0263157894736843,0.039473684210526314,2.8421052631578947,17.19736842105263,0
Andre Jackson Jr.,2.2777777777777777,0.8518518518518519,2.0,0.24074074074074073,0.1111111111111111,0.5,0.8333333333333334,0.2037037037037037,10.351851851851851,3
Andrew Nembhard,9.292307692307693,4.061538461538461,2.0615384615384613,0.9076923076923077,0.09230769230769231,1.4461538461538461,2.523076923076923,0.8615384615384616,25.015384615384615,1
Andrew Wiggins,13.308823529411764,1.7058823529411764,4.632352941176471,0.6176470588235294,0.5588235294117647,1.2205882352941178,3.6029411764705883,2.6323529411764706,27.058823529411764,1
Anfernee Simons,22.3953488372093,5.558139534883721,3.697674418604651,0.46511627906976744,0.11627906976744186,2.7674418604651163,8.744186046511627,3.86046511627907,34.48837209302326,2
Anthony Black,4.575757575757576,1.3333333333333333,2.0606060606060606,0.5,0.2878787878787879,0.8333333333333334,1.4242424242424243,1.1515151515151516,17.227272727272727,3
Anthony Davis,24.643835616438356,3.5342465753424657,12.67123287671233,1.178082191780822,2.328767123287671,2.1232876712328768,1.3835616438356164,6.767123287671233,35.42465753424658,0
Anthony Edwards,25.960526315789473,5.131578947368421,5.381578947368421,1.3157894736842106,0.5526315789473685,3.0526315789473686,6.7368421052631575,6.5394736842105265,35.078947368421055,2
Anthony Gill,3.74468085106383,0.6595744680851063,1.8936170212765957,0.2765957446808511,0.2127659574468085,0.44680851063829785,0.8723404255319149,0.6382978723404256,9.46808510638298,3
Ausar Thompson,8.95,1.7666666666666666,6.166666666666667,1.1166666666666667,0.8666666666666667,1.2833333333333334,1.8,1.85,24.95,0
Austin Reaves,16.088607594936708,5.6075949367088604,4.30379746835443,0.7848101265822784,0.31645569620253167,2.1265822784810124,5.1645569620253164,3.3037974683544302,32.11392405063291,2
Ayo Dosunmu,12.424657534246576,3.26027397260274,2.904109589041096,0.9178082191780822,0.4931506849315068,1.3972602739726028,3.9452054794520546,1.4383561643835616,29.863013698630137,1
Bam Adebayo,19.102941176470587,3.985294117647059,10.573529411764707,1.1764705882352942,0.9117647058823529,2.25,0.6029411764705882,5.264705882352941,34.044117647058826,0
Ben Sheppard,4.425925925925926,0.9444444444444444,1.5740740740740742,0.6111111111111112,0.037037037037037035,0.2777777777777778,2.740740740740741,0.48148148148148145,14.481481481481481,3
Ben Simmons,5.583333333333333,5.083333333333333,7.416666666666667,0.8333333333333334,0.4166666666666667,1.75,0.0,1.0833333333333333,22.333333333333332,1
Bennedict Mathurin,14.464285714285714,2.017857142857143,4.035714285714286,0.5892857142857143,0.25,1.6607142857142858,3.5892857142857144,3.767857142857143,26.178571428571427,1
Bilal Coulibaly,8.666666666666666,1.7666666666666666,4.1,0.9333333333333333,0.7,1.3666666666666667,2.95,2.183333333333333,27.533333333333335,1
Bismack Biyombo,4.243243243243243,1.3243243243243243,5.081081081081081,0.2702702702702703,0.918918918918919,1.054054054054054,0.0,1.3513513513513513,19.83783783783784,3
Blake Wesley,4.5,2.810344827586207,1.5862068965517242,0.5,0.13793103448275862,0.9310344827586207,0.9310344827586207,1.3103448275862069,14.844827586206897,3
Bobby Portis,13.822784810126583,1.240506329113924,7.455696202531645,0.8354430379746836,0.4050632911392405,1.1139240506329113,3.0632911392405062,1.4683544303797469,24.72151898734177,1
Bogdan Bogdanović,17.013157894736842,3.0789473684210527,3.5,1.1842105263157894,0.34210526315789475,1.4210526315789473,8.157894736842104,2.1447368421052633,30.605263157894736,1
Bol Bol,5.525,0.425,3.4,0.25,0.6,0.425,1.3,0.475,11.525,3
Bones Hyland,6.147058823529412,2.588235294117647,1.4705882352941178,0.7058823529411765,0.11764705882352941,1.0294117647058822,3.3529411764705883,0.6176470588235294,13.941176470588236,3
Bradley Beal,18.24,5.08,4.32,1.0,0.52,2.44,4.4,2.36,33.66,2
Brandin Podziemski,9.535211267605634,3.788732394366197,5.873239436619718,0.8591549295774648,0.19718309859154928,1.1830985915492958,3.267605633802817,1.0845070422535212,27.281690140845072,1
Brandon Boston,5.206896551724138,0.3448275862068966,1.6896551724137931,0.3448275862068966,0.27586206896551724,0.7931034482758621,1.5172413793103448,1.1379310344827587,10.89655172413793,3
Brandon Clarke,11.333333333333334,1.6666666666666667,5.333333333333333,0.6666666666666666,1.0,0.6666666666666666,1.0,1.3333333333333333,23.333333333333332,0
Brandon Ingram,20.83606557377049,5.754098360655738,4.967213114754099,0.7704918032786885,0.639344262295082,2.4918032786885247,3.819672131147541,4.819672131147541,32.868852459016395,2
Brandon Miller,17.281690140845072,2.380281690140845,4.183098591549296,0.9154929577464789,0.5633802816901409,1.8028169014084507,6.71830985915493,2.295774647887324,32.23943661971831,1
Brandon Williams,3.0714285714285716,1.0,0.7142857142857143,0.0,0.0,0.35714285714285715,1.0,0.8571428571428571,6.5,3
Braxton Key,1.1764705882352942,0.35294117647058826,1.0,0.11764705882352941,0.058823529411764705,0.058823529411764705,0.23529411764705882,0.47058823529411764,3.0,3
Brice Sensabaugh,8.310344827586206,1.896551724137931,3.413793103448276,0.4482758620689655,0.20689655172413793,1.6206896551724137,3.9655172413793105,1.4137931034482758,19.896551724137932,1
Brook Lopez,12.539473684210526,1.618421052631579,5.223684210526316,0.5394736842105263,2.473684210526316,0.9868421052631579,5.144736842105263,1.75,30.710526315789473,0
Bruce Brown,10.640625,2.9375,4.21875,0.875,0.265625,1.28125,2.328125,2.1875,27.65625,1
Bruno Fernando,6.714285714285714,1.0952380952380953,4.595238095238095,0.5952380952380952,0.6666666666666666,1.0,0.07142857142857142,2.2857142857142856,16.095238095238095,3
Bryce McGowens,5.303571428571429,0.875,1.6964285714285714,0.3392857142857143,0.17857142857142858,0.48214285714285715,1.7857142857142858,1.4464285714285714,15.071428571428571,3
Buddy Hield,12.074074074074074,2.753086419753086,3.2222222222222223,0.8518518518518519,0.49382716049382713,1.2222222222222223,6.7407407407407405,0.7283950617283951,25.876543209876544,1
CJ McCollum,20.11111111111111,4.555555555555555,4.333333333333333,0.873015873015873,0.6349206349206349,1.6984126984126984,8.428571428571429,2.0476190476190474,32.682539682539684,2
Cade Cunningham,22.677966101694917,7.440677966101695,4.389830508474576,0.9152542372881356,0.3559322033898305,3.3559322033898304,5.372881355932203,4.491525423728813,33.47457627118644,2
Caleb Houstan,4.357142857142857,0.5,1.4642857142857142,0.26785714285714285,0.07142857142857142,0.2857142857142857,3.3392857142857144,0.44642857142857145,14.339285714285714,3
Caleb Martin,10.278688524590164,2.2950819672131146,4.508196721311475,0.7377049180327869,0.47540983606557374,1.2295081967213115,3.639344262295082,1.6229508196721312,28.049180327868854,1
Cam Reddish,5.533333333333333,1.0666666666666667,2.066666666666667,1.0444444444444445,0.28888888888888886,0.6666666666666666,2.311111111111111,1.1555555555555554,21.08888888888889,1
Cam Thomas,21.952380952380953,2.9523809523809526,3.2063492063492065,0.6825396825396826,0.23809523809523808,1.9206349206349207,6.079365079365079,4.825396825396825,31.349206349206348,2
Cam Whitmore,13.0,0.7272727272727273,4.0227272727272725,0.6590909090909091,0.38636363636363635,1.0,4.931818181818182,2.5,19.5,1
Cameron Johnson,13.436363636363636,2.4363636363636365,4.2727272727272725,0.8545454545454545,0.2727272727272727,0.9272727272727272,6.036363636363636,1.9090909090909092,27.527272727272727,1
Cameron Payne,7.453333333333333,2.72,1.5333333333333334,0.5466666666666666,0.14666666666666667,0.8533333333333334,3.453333333333333,0.8933333333333333,16.906666666666666,1
Caris LeVert,13.738461538461538,5.092307692307692,4.153846153846154,1.123076923076923,0.49230769230769234,1.7538461538461538,4.6923076923076925,2.953846153846154,28.476923076923075,2
Cason Wallace,6.734177215189874,1.4936708860759493,2.278481012658228,0.9493670886075949,0.4430379746835443,0.5569620253164557,2.8987341772151898,0.4430379746835443,20.68354430379747,1
Charles Bassey,3.4375,1.125,3.9375,0.375,1.0,0.875,0.0625,0.375,10.4375,3
Chet Holmgren,16.59493670886076,2.4683544303797467,7.936708860759493,0.6455696202531646,2.3164556962025316,1.620253164556962,4.2784810126582276,3.3417721518987342,29.49367088607595,0
Chris Boucher,6.446808510638298,0.46808510638297873,4.042553191489362,0.2765957446808511,0.48936170212765956,0.5319148936170213,1.9574468085106382,1.7446808510638299,14.02127659574468,3
Chris Duarte,3.8035714285714284,0.7142857142857143,1.8035714285714286,0.4642857142857143,0.14285714285714285,0.44642857142857145,2.0892857142857144,0.5357142857142857,11.892857142857142,3
Chris Livingston,1.1666666666666667,0.2222222222222222,1.0555555555555556,0.05555555555555555,0.0,0.2222222222222222,0.2222222222222222,0.2222222222222222,4.333333333333333,3
Chris Paul,9.10909090909091,6.636363636363637,3.8545454545454545,1.1636363636363636,0.10909090909090909,1.290909090909091,3.618181818181818,0.7818181818181819,26.163636363636364,1
Christian Braun,7.30379746835443,1.5316455696202531,3.6962025316455698,0.5063291139240507,0.4177215189873418,0.6708860759493671,1.9873417721518987,1.5822784810126582,20.21518987341772,1
Chuma Okeke,2.3863636363636362,0.4318181818181818,1.7045454545454546,0.20454545454545456,0.1590909090909091,0.3409090909090909,1.8181818181818181,0.1590909090909091,9.522727272727273,3
Clint Capela,11.371428571428572,1.2571428571428571,10.542857142857143,0.5857142857142857,1.5,1.0142857142857142,0.014285714285714285,2.8285714285714287,25.742857142857144,0
Coby White,19.43421052631579,5.157894736842105,4.552631578947368,0.6842105263157895,0.23684210526315788,2.1315789473684212,7.078947368421052,3.276315789473684,36.5921052631579,2
Cody Martin,7.72,4.0,4.12,1.08,0.68,1.64,3.24,1.16,27.68,1
Colby Jones,2.2222222222222223,0.7037037037037037,1.3333333333333333,0.2222222222222222,0.14814814814814814,0.37037037037037035,0.8148148148148148,0.4074074074074074,6.333333333333333,3
Cole Anthony,11.371794871794872,2.948717948717949,3.7948717948717947,0.782051282051282,0.46153846153846156,1.5897435897435896,3.371794871794872,2.628205128205128,22.371794871794872,1
Cole Swider,1.7333333333333334,0.13333333333333333,0.4,0.0,0.0,0.4666666666666667,1.2666666666666666,0.13333333333333333,4.0,3
Colin Castleton,1.3846153846153846,0.07692307692307693,0.46153846153846156,0.15384615384615385,0.0,0.23076923076923078,0.0,0.3076923076923077,2.6923076923076925,3
Collin Gillespie,3.9047619047619047,1.1904761904761905,0.9523809523809523,0.5714285714285714,0.0,0.6666666666666666,1.619047619047619,0.5714285714285714,9.904761904761905,3
Collin Sexton,18.96,5.026666666666666,2.6533333333333333,0.8266666666666667,0.24,2.1333333333333333,4.28,4.706666666666667,26.813333333333333,2
Corey Kispert,13.35064935064935,2.0,2.792207792207792,0.5324675324675324,0.2077922077922078,1.2077922077922079,5.961038961038961,1.974025974025974,25.818181818181817,1
Cory Joseph,2.739130434782609,1.7391304347826086,1.2173913043478262,0.13043478260869565,0.13043478260869565,0.5217391304347826,1.7826086956521738,0.30434782608695654,12.391304347826088,3
Craig Porter Jr.,5.645833333333333,2.3958333333333335,2.1666666666666665,0.375,0.2916666666666667,0.875,0.6875,1.125,12.8125,3
D'Angelo Russell,18.17808219178082,6.315068493150685,3.0821917808219177,0.9041095890410958,0.4794520547945205,2.0547945205479454,7.232876712328767,2.493150684931507,32.534246575342465,2
D.J. Carton,1.0,0.0,2.0,1.0,0.0,0.0,1.0,2.0,13.0,3
DaQuan Jeffries,0.6428571428571429,0.35714285714285715,0.21428571428571427,0.0,0.07142857142857142,0.14285714285714285,0.5,0.14285714285714285,2.4285714285714284,3
Daishen Nix,2.0833333333333335,0.5,0.25,0.3333333333333333,0.0,0.4166666666666667,1.4166666666666667,0.5,3.5833333333333335,3
Dalano Banton,10.666666666666666,2.450980392156863,3.372549019607843,0.6274509803921569,0.39215686274509803,1.4901960784313726,3.8823529411764706,2.2941176470588234,20.098039215686274,1
Dalen Terry,3.125,1.4107142857142858,1.9642857142857142,0.48214285714285715,0.32142857142857145,0.5714285714285714,1.2678571428571428,0.7321428571428571,11.946428571428571,3
Damian Lillard,24.357142857142858,7.071428571428571,4.328571428571428,0.9857142857142858,0.2571428571428571,2.6142857142857143,8.5,6.942857142857143,35.4,2
Daniel Gafford,11.183098591549296,1.6056338028169015,7.619718309859155,0.9154929577464789,2.0704225352112675,1.0,0.0,2.2816901408450705,24.549295774647888,0
Daniel Theis,6.192982456140351,1.0350877192982457,4.105263157894737,0.3333333333333333,0.8947368421052632,0.7192982456140351,1.1929824561403508,0.8070175438596491,17.12280701754386,3
Danté Exum,8.096153846153847,2.980769230769231,2.769230769230769,0.40384615384615385,0.07692307692307693,0.9423076923076923,2.0384615384615383,1.2884615384615385,20.615384615384617,1
Dario Šarić,8.180327868852459,2.2459016393442623,4.327868852459017,0.4918032786885246,0.11475409836065574,1.2459016393442623,3.0655737704918034,1.4918032786885247,17.081967213114755,1
Darius Garland,18.055555555555557,6.574074074074074,2.7222222222222223,1.2962962962962963,0.1111111111111111,2.962962962962963,6.37037037037037,2.888888888888889,33.44444444444444,2
David Duke Jr.,15.0,0.0,3.0,1.0,0.0,2.0,3.0,1.0,22.0,1
David Roddy,6.483870967741935,1.1935483870967742,3.193548387096774,0.41935483870967744,0.16129032258064516,0.8548387096774194,2.5,1.0806451612903225,17.903225806451612,3
Davion Mitchell,5.420289855072464,1.855072463768116,1.3043478260869565,0.2318840579710145,0.043478260869565216,0.5797101449275363,2.217391304347826,0.6086956521739131,15.347826086956522,3
Day'Ron Sharpe,6.862068965517241,1.4482758620689655,6.4655172413793105,0.39655172413793105,0.7068965517241379,1.103448275862069,0.25862068965517243,2.0689655172413794,15.46551724137931,0
De'Aaron Fox,26.366197183098592,5.633802816901408,4.605633802816901,2.056338028169014,0.4084507042253521,2.619718309859155,7.830985915492958,5.661971830985915,35.95774647887324,2
De'Andre Hunter,15.555555555555555,1.5555555555555556,3.8703703703703702,0.6666666666666666,0.2777777777777778,1.5,5.351851851851852,3.4444444444444446,29.537037037037038,1
De'Anthony Melton,11.342857142857143,2.8,3.7714285714285714,1.5714285714285714,0.42857142857142855,1.0,5.771428571428571,2.1142857142857143,26.685714285714287,1
DeAndre Jordan,3.4545454545454546,0.5757575757575758,4.151515151515151,0.12121212121212122,0.45454545454545453,0.5757575757575758,0.0,1.121212121212121,10.272727272727273,3
DeMar DeRozan,24.0,5.421052631578948,4.328947368421052,1.105263157894737,0.5394736842105263,1.736842105263158,2.8684210526315788,7.7368421052631575,38.01315789473684,2
Dean Wade,5.431372549019608,0.7647058823529411,4.0588235294117645,0.7450980392156863,0.47058823529411764,0.35294117647058826,3.6862745098039214,0.5098039215686274,20.254901960784313,1
Deandre Ayton,17.21153846153846,1.6538461538461537,11.01923076923077,0.9807692307692307,0.7692307692307693,1.8076923076923077,0.19230769230769232,1.5,32.86538461538461,0
Dejounte Murray,22.786666666666665,6.466666666666667,5.413333333333333,1.44,0.29333333333333333,2.6133333333333333,7.24,3.3466666666666667,35.78666666666667,2
Delon Wright,4.5227272727272725,2.3636363636363638,1.7272727272727273,1.1136363636363635,0.22727272727272727,0.29545454545454547,1.5,0.9090909090909091,15.545454545454545,3
Deni Avdija,14.88888888888889,3.861111111111111,7.222222222222222,0.7777777777777778,0.5,2.1805555555555554,3.1805555555555554,3.736111111111111,30.40277777777778,2
Dennis Schröder,13.96103896103896,5.987012987012987,3.0259740259740258,0.7922077922077922,0.22077922077922077,1.922077922077922,4.532467532467533,2.675324675324675,30.98701298701299,2
Dereck Lively II,8.76923076923077,1.1346153846153846,6.923076923076923,0.6730769230769231,1.4230769230769231,0.9230769230769231,0.038461538461538464,1.4615384615384615,23.692307692307693,0
Derrick Jones Jr.,8.63013698630137,1.0136986301369864,3.3424657534246576,0.726027397260274,0.6986301369863014,0.8493150684931506,3.136986301369863,1.7534246575342465,23.65753424657534,1
Derrick White,15.17142857142857,5.2,4.242857142857143,0.9857142857142858,1.1714285714285715,1.5285714285714285,6.9,2.0285714285714285,32.68571428571428,2
Desmond Bane,23.71794871794872,5.564102564102564,4.487179487179487,0.9743589743589743,0.5128205128205128,2.641025641025641,8.461538461538462,3.7948717948717947,34.38461538461539,2
Devin Booker,26.876923076923077,6.861538461538461,4.446153846153846,0.9230769230769231,0.4307692307692308,2.5384615384615383,6.092307692307692,6.815384615384615,36.10769230769231,2
Devin Vassell,19.4,4.184615384615385,3.876923076923077,1.0769230769230769,0.35384615384615387,1.5846153846153845,6.615384615384615,2.830769230769231,32.96923076923077,2
Dillon Brooks,12.63768115942029,1.6376811594202898,3.420289855072464,0.8985507246376812,0.14492753623188406,1.2173913043478262,5.173913043478261,2.072463768115942,30.840579710144926,1
Domantas Sabonis,19.49367088607595,8.30379746835443,13.60759493670886,0.8734177215189873,0.5822784810126582,3.3544303797468356,1.0379746835443038,5.050632911392405,35.79746835443038,2
Dominick Barlow,4.6,1.2,3.7333333333333334,0.4,0.4666666666666667,0.3,0.3,1.2666666666666666,13.433333333333334,3
Donovan Mitchell,26.28846153846154,6.134615384615385,5.076923076923077,1.75,0.5192307692307693,2.826923076923077,9.038461538461538,5.8076923076923075,35.32692307692308,2
Donte DiVincenzo,15.871794871794872,2.717948717948718,3.6923076923076925,1.3333333333333333,0.44871794871794873,1.3974358974358974,8.871794871794872,1.435897435897436,29.58974358974359,1
Dorian Finney-Smith,8.292307692307693,1.5538461538461539,4.584615384615384,0.8461538461538461,0.5538461538461539,0.8153846153846154,4.8307692307692305,0.6615384615384615,28.338461538461537,1
Doug McDermott,5.491803278688525,1.098360655737705,0.9016393442622951,0.26229508196721313,0.01639344262295082,0.45901639344262296,3.6065573770491803,0.3114754098360656,14.131147540983607,3
Draymond Green,8.692307692307692,5.980769230769231,7.403846153846154,1.0192307692307692,0.8461538461538461,2.4615384615384617,2.3653846153846154,1.3269230769230769,27.326923076923077,0
Drew Eubanks,5.013888888888889,0.7916666666666666,4.25,0.375,0.7777777777777778,0.7777777777777778,0.041666666666666664,1.2361111111111112,15.416666666666666,3
Dru Smith,3.8333333333333335,1.0,1.8333333333333333,0.8333333333333334,0.3333333333333333,0.5,1.8333333333333333,0.3333333333333333,12.666666666666666,3
Duncan Robinson,12.96923076923077,2.923076923076923,2.5692307692307694,0.6923076923076923,0.24615384615384617,1.4461538461538461,6.953846153846154,1.3846153846153846,28.138461538461538,1
Duop Reath,9.076923076923077,0.9384615384615385,3.753846153846154,0.5076923076923077,0.5692307692307692,0.7538461538461538,3.523076923076923,1.4,18.046153846153846,1
Dwight Powell,3.2,1.3833333333333333,3.433333333333333,0.4166666666666667,0.26666666666666666,0.5166666666666667,0.03333333333333333,1.35,13.35,3
Dyson Daniels,5.844827586206897,2.7241379310344827,3.8448275862068964,1.4137931034482758,0.41379310344827586,0.9655172413793104,2.2241379310344827,0.8448275862068966,22.344827586206897,1
E.J. Liddell,0.0,0.2,0.6,0.4,0.2,0.2,0.4,0.0,3.0,3
Emoni Bates,2.6666666666666665,0.75,0.6666666666666666,0.08333333333333333,0.08333333333333333,0.5833333333333334,2.25,0.16666666666666666,8.666666666666666,3
Eric Gordon,10.815384615384616,2.0615384615384613,1.7538461538461538,0.9846153846153847,0.4461538461538462,1.0769230769230769,5.7384615384615385,0.9692307692307692,27.753846153846155,1
Evan Mobley,15.48936170212766,3.25531914893617,9.212765957446809,0.9574468085106383,1.3829787234042554,1.8297872340425532,1.2340425531914894,3.297872340425532,30.425531914893618,0
Franz Wagner,19.753623188405797,3.7681159420289854,5.27536231884058,1.0434782608695652,0.391304347826087,1.8695652173913044,4.507246376811594,4.3478260869565215,32.46376811594203,2
Fred VanVleet,17.485714285714284,8.114285714285714,3.842857142857143,1.4,0.8428571428571429,1.7142857142857142,8.042857142857143,3.2,36.785714285714285,2
GG Jackson,15.533333333333333,1.3111111111111111,4.288888888888889,0.6,0.5333333333333333,1.4222222222222223,6.311111111111111,3.4,27.22222222222222,1
Gabe Vincent,2.375,1.375,0.625,0.5,0.0,0.375,2.125,0.0,16.0,3
Garrett Temple,3.4166666666666665,1.1666666666666667,1.8333333333333333,0.4583333333333333,0.125,0.5833333333333334,1.6666666666666667,0.8333333333333334,11.75,3
Garrison Mathews,5.111111111111111,0.5873015873015873,1.4285714285714286,0.31746031746031744,0.12698412698412698,0.30158730158730157,3.015873015873016,0.6666666666666666,15.555555555555555,3
Gary Harris,6.686274509803922,1.6274509803921569,1.607843137254902,0.9607843137254902,0.2549019607843137,0.5294117647058824,3.784313725490196,0.8823529411764706,24.333333333333332,1
Gary Payton II,5.2926829268292686,1.0731707317073171,2.6097560975609757,0.7804878048780488,0.4146341463414634,0.6097560975609756,1.1219512195121952,0.4634146341463415,15.268292682926829,3
Gary Trent Jr.,13.764705882352942,1.7058823529411764,2.6323529411764706,1.0735294117647058,0.1323529411764706,0.6617647058823529,6.382352941176471,1.2941176470588236,27.91176470588235,1
Georges Niang,9.60759493670886,1.2025316455696202,3.4050632911392404,0.379746835443038,0.21518987341772153,0.8987341772151899,4.860759493670886,0.759493670886076,22.417721518987342,1
Giannis Antetokounmpo,30.571428571428573,6.685714285714286,11.585714285714285,1.2,1.0571428571428572,3.4,1.6714285714285715,10.742857142857142,35.385714285714286,2
Goga Bitadze,5.135593220338983,1.2881355932203389,4.779661016949152,0.5254237288135594,1.2203389830508475,0.7288135593220338,0.23728813559322035,1.3728813559322033,16.06779661016949,0
Gradey Dick,8.666666666666666,1.1578947368421053,2.263157894736842,0.5964912280701754,0.03508771929824561,0.8596491228070176,4.087719298245614,0.8596491228070176,21.649122807017545,1
Grant Williams,10.232876712328768,2.356164383561644,4.1506849315068495,0.6027397260273972,0.5205479452054794,1.4109589041095891,4.328767123287672,1.8493150684931507,27.82191780821918,1
Grayson Allen,13.76388888888889,3.0277777777777777,3.9027777777777777,0.9305555555555556,0.625,1.2638888888888888,5.958333333333333,2.013888888888889,33.69444444444444,1
Gui Santos,3.55,0.65,2.15,0.2,0.1,0.25,1.2,0.75,8.8,3
Harrison Barnes,12.012658227848101,1.1898734177215189,3.0253164556962027,0.6582278481012658,0.13924050632911392,0.7215189873417721,4.708860759493671,2.329113924050633,28.82278481012658,1
Haywood Highsmith,6.079365079365079,1.0793650793650793,3.253968253968254,0.8095238095238095,0.4444444444444444,0.49206349206349204,2.857142857142857,0.5714285714285714,20.603174603174605,1
Herbert Jones,11.095890410958905,2.6575342465753424,3.5616438356164384,1.3972602739726028,0.7808219178082192,1.2191780821917808,3.6164383561643834,2.0684931506849313,30.589041095890412,1
Hunter Tyson,1.2,0.13333333333333333,0.4,0.06666666666666667,0.0,0.13333333333333333,0.8,0.0,2.533333333333333,3
Immanuel Quickley,17.092307692307692,4.923076923076923,3.7846153846153845,0.7384615384615385,0.15384615384615385,1.4307692307692308,6.369230769230769,3.6153846153846154,29.476923076923075,2
Isaac Okoro,9.212121212121213,1.8636363636363635,2.8484848484848486,0.803030303030303,0.4696969696969697,0.7727272727272727,3.1515151515151514,1.9090909090909092,27.21212121212121,1
Isaiah Hartenstein,7.819444444444445,2.5555555555555554,8.51388888888889,1.1944444444444444,1.1666666666666667,1.2638888888888888,0.041666666666666664,2.0416666666666665,25.63888888888889,0
Isaiah Jackson,6.4035087719298245,0.8421052631578947,4.0,0.5964912280701754,0.9649122807017544,0.6666666666666666,0.07017543859649122,1.736842105263158,12.701754385964913,3
Isaiah Joe,8.16,1.2533333333333334,2.2666666666666666,0.5466666666666666,0.29333333333333333,0.5733333333333334,4.48,0.6266666666666667,18.44,1
Isaiah Mobley,2.5714285714285716,0.2857142857142857,1.1428571428571428,0.14285714285714285,0.0,0.14285714285714285,1.1428571428571428,0.14285714285714285,8.285714285714286,3
Isaiah Stewart,10.69767441860465,1.627906976744186,6.395348837209302,0.3953488372093023,0.8604651162790697,1.372093023255814,3.813953488372093,1.8604651162790697,30.674418604651162,0
Ivica Zubac,11.569230769230769,1.4307692307692308,9.292307692307693,0.3384615384615385,1.1692307692307693,1.1538461538461537,0.0,2.353846153846154,26.56923076923077,0
JD Davison,2.8,2.0,1.6,0.2,0.2,0.4,1.2,0.4,6.6,3
JT Thor,3.0833333333333335,0.4166666666666667,2.3,0.16666666666666666,0.43333333333333335,0.23333333333333334,1.2166666666666666,0.3333333333333333,11.933333333333334,3
Ja Morant,23.666666666666668,7.666666666666667,5.5,0.6666666666666666,0.5,2.8333333333333335,6.666666666666667,7.5,35.5,2
Jabari Smith Jr.,13.835616438356164,1.5753424657534247,8.136986301369863,0.6575342465753424,0.8356164383561644,1.1643835616438356,4.958904109589041,2.452054794520548,31.835616438356166,0
Jabari Walker,8.855072463768115,1.0144927536231885,7.188405797101449,0.5507246376811594,0.30434782608695654,0.8985507246376812,1.9420289855072463,2.3333333333333335,24.043478260869566,1
Jacob Toppin,2.1666666666666665,0.3333333333333333,1.1666666666666667,0.0,0.0,0.16666666666666666,0.6666666666666666,0.3333333333333333,5.666666666666667,3
Jaden Hardy,7.271428571428571,1.4857142857142858,1.8142857142857143,0.3142857142857143,0.05714285714285714,0.8714285714285714,3.057142857142857,1.0571428571428572,13.614285714285714,3
Jaden Ivey,15.621621621621621,3.864864864864865,3.5135135135135136,0.7432432432432432,0.5540540540540541,2.472972972972973,4.851351351351352,4.054054054054054,29.16216216216216,2
Jaden McDaniels,10.63768115942029,1.391304347826087,3.072463768115942,0.8985507246376812,0.5507246376811594,1.2028985507246377,3.6231884057971016,1.144927536231884,29.565217391304348,1
Jaden Springer,3.5,0.8913043478260869,1.608695652173913,0.782608695652174,0.2608695652173913,0.6956521739130435,1.0217391304347827,0.9130434782608695,10.565217391304348,3
Jae Crowder,6.23404255319149,1.2553191489361701,3.1702127659574466,0.7446808510638298,0.14893617021276595,0.44680851063829785,3.382978723404255,0.723404255319149,22.93617021276596,1
Jae'Sean Tate,4.048387096774194,1.0161290322580645,3.0161290322580645,0.5806451612903226,0.1935483870967742,0.5645161290322581,1.1774193548387097,0.5806451612903226,15.838709677419354,3
Jaime Jaquez Jr.,12.166666666666666,2.638888888888889,3.861111111111111,1.0416666666666667,0.2777777777777778,1.4583333333333333,2.763888888888889,2.4305555555555554,28.694444444444443,1
Jake LaRavia,11.4375,1.75,3.75,0.875,0.375,1.34375,4.59375,3.34375,23.8125,1
Jakob Poeltl,11.361702127659575,2.617021276595745,8.617021276595745,0.723404255319149,1.574468085106383,1.5319148936170213,0.0,2.127659574468085,26.638297872340427,0
Jalen Brunson,29.08108108108108,6.797297297297297,3.6216216216216215,0.9054054054054054,0.17567567567567569,2.445945945945946,6.77027027027027,6.594594594594595,35.567567567567565,2
Jalen Duren,13.568965517241379,2.3275862068965516,11.431034482758621,0.5344827586206896,0.6724137931034483,2.0517241379310347,0.06896551724137931,2.9827586206896552,28.879310344827587,0
Jalen Green,19.70886075949367,3.6202531645569622,5.1645569620253164,0.8227848101265823,0.3291139240506329,2.2911392405063293,7.506329113924051,4.30379746835443,31.569620253164558,2
Jalen Hood-Schifino,1.1666666666666667,0.2777777777777778,0.6111111111111112,0.16666666666666666,0.1111111111111111,0.3333333333333333,0.4444444444444444,0.6666666666666666,3.7777777777777777,3
Jalen Johnson,16.037735849056602,3.7358490566037736,8.773584905660377,1.169811320754717,0.8301886792452831,1.8113207547169812,3.6226415094339623,2.641509433962264,34.0377358490566,0
Jalen McDaniels,3.595744680851064,0.723404255319149,1.574468085106383,0.3617021276595745,0.10638297872340426,0.6382978723404256,1.3617021276595744,0.7872340425531915,10.659574468085106,3
Jalen Pickett,1.4583333333333333,0.875,0.5,0.16666666666666666,0.0,0.375,0.9583333333333334,0.16666666666666666,4.75,3
Jalen Smith,9.775862068965518,1.0344827586206897,5.5344827586206895,0.25862068965517243,0.6379310344827587,0.7241379310344828,2.3620689655172415,1.7413793103448276,17.189655172413794,3
Jalen Suggs,12.625,2.7916666666666665,2.9444444444444446,1.4027777777777777,0.625,1.8194444444444444,5.138888888888889,2.0694444444444446,27.11111111111111,1
Jalen Williams,19.294117647058822,4.5588235294117645,3.985294117647059,1.1470588235294117,0.6470588235294118,1.7205882352941178,3.3823529411764706,3.1176470588235294,31.33823529411765,2
Jalen Wilson,5.3,1.125,3.225,0.275,0.075,0.475,1.85,1.15,16.35,3
Jamal Cain,3.869565217391304,0.43478260869565216,1.3478260869565217,0.30434782608695654,0.21739130434782608,0.30434782608695654,1.173913043478261,1.0,9.956521739130435,3
Jamal Murray,21.214285714285715,6.517857142857143,4.232142857142857,1.0178571428571428,0.6607142857142857,2.0892857142857144,5.821428571428571,3.1785714285714284,31.5,2
Jamaree Bouyea,2.1666666666666665,1.3333333333333333,2.0,0.16666666666666666,0.0,0.6666666666666666,0.5,0.0,9.333333333333334,3
James Harden,16.652173913043477,8.695652173913043,5.115942028985507,1.0434782608695652,0.8260869565217391,2.550724637681159,6.898550724637682,4.826086956521739,34.391304347826086,2
James Johnson,1.0,0.6666666666666666,0.16666666666666666,0.6666666666666666,0.16666666666666666,0.6666666666666666,0.3333333333333333,0.3333333333333333,5.166666666666667,3
James Wiseman,7.266666666666667,0.8833333333333333,5.45,0.2,0.65,1.0833333333333333,0.03333333333333333,1.7,17.75,3
Jarace Walker,3.6666666666666665,1.1666666666666667,1.8666666666666667,0.4666666666666667,0.3333333333333333,0.5666666666666667,1.7666666666666666,0.23333333333333334,10.466666666666667,3
Jared Butler,6.702702702702703,3.3783783783783785,1.5675675675675675,0.7837837837837838,0.21621621621621623,1.3243243243243243,2.027027027027027,0.972972972972973,14.945945945945946,1
Jared Rhoden,5.785714285714286,1.0,2.142857142857143,0.21428571428571427,0.9285714285714286,0.42857142857142855,2.142857142857143,0.42857142857142855,16.857142857142858,3
Jaren Jackson Jr.,22.873015873015873,2.3333333333333335,5.492063492063492,1.253968253968254,1.5396825396825398,2.4761904761904763,5.634920634920635,6.428571428571429,32.20634920634921,2
Jarred Vanderbilt,5.653846153846154,1.2307692307692308,4.730769230769231,1.3461538461538463,0.15384615384615385,1.0384615384615385,0.8846153846153846,1.3076923076923077,20.76923076923077,1
Jarrett Allen,16.68918918918919,2.7837837837837838,10.662162162162161,0.6756756756756757,1.054054054054054,1.5810810810810811,0.08108108108108109,4.054054054054054,31.972972972972972,0
Javonte Green,15.833333333333334,0.5,9.333333333333334,1.3333333333333333,1.0,0.6666666666666666,3.6666666666666665,2.1666666666666665,30.0,0
Jaxson Hayes,4.462686567164179,0.4925373134328358,3.074626865671642,0.4925373134328358,0.43283582089552236,0.6119402985074627,0.11940298507462686,1.1940298507462686,12.850746268656716,3
Jay Huff,1.2352941176470589,0.11764705882352941,0.6470588235294118,0.11764705882352941,0.17647058823529413,0.058823529411764705,0.47058823529411764,0.11764705882352941,2.7058823529411766,3
Jaylen Brown,22.925373134328357,3.5970149253731343,5.507462686567164,1.1492537313432836,0.5373134328358209,2.388059701492537,5.7611940298507465,4.298507462686567,33.40298507462686,2
Jaylen Nowell,7.7,1.5,1.7,0.4,0.2,0.7,2.5,0.9,17.9,3
Jaylin Williams,3.909090909090909,1.5909090909090908,3.393939393939394,0.4090909090909091,0.3939393939393939,0.48484848484848486,2.090909090909091,0.5606060606060606,13.030303030303031,3
Jayson Tatum,26.732394366197184,4.957746478873239,8.112676056338028,1.0140845070422535,0.5915492957746479,2.535211267605634,8.19718309859155,6.859154929577465,35.774647887323944,2
Jeff Dowtin Jr.,4.0,2.111111111111111,1.8888888888888888,0.4444444444444444,0.0,0.2222222222222222,1.3333333333333333,0.4444444444444444,10.333333333333334,3
Jeff Green,6.52,0.88,2.28,0.21333333333333335,0.4,0.6,2.0933333333333333,1.92,16.666666666666668,3
Jerami Grant,21.313725490196077,2.8823529411764706,3.5098039215686274,0.8431372549019608,0.6078431372549019,2.1176470588235294,5.1568627450980395,5.764705882352941,34.07843137254902,2
Jeremiah Robinson-Earl,2.4444444444444446,0.5277777777777778,1.6944444444444444,0.25,0.1111111111111111,0.3611111111111111,0.8611111111111112,0.3333333333333333,7.472222222222222,3
Jeremy Sochan,11.746478873239436,3.3380281690140845,6.464788732394366,0.8169014084507042,0.5492957746478874,1.8450704225352113,3.0985915492957745,1.8873239436619718,29.788732394366196,1
Jericho Sims,2.1904761904761907,0.5714285714285714,3.380952380952381,0.19047619047619047,0.4523809523809524,0.38095238095238093,0.0,0.5714285714285714,13.761904761904763,3
Jett Howard,1.8,0.3333333333333333,0.3333333333333333,0.13333333333333333,0.13333333333333333,0.2,1.5333333333333334,0.26666666666666666,3.466666666666667,3
Jevon Carter,5.086956521739131,1.3043478260869565,0.8260869565217391,0.5362318840579711,0.2318840579710145,0.5072463768115942,3.246376811594203,0.10144927536231885,13.91304347826087,3
Jimmy Butler III,21.05263157894737,5.035087719298246,5.192982456140351,1.3333333333333333,0.2631578947368421,1.7543859649122806,2.508771929824561,7.666666666666667,34.12280701754386,2
Jock Landale,5.037735849056604,1.1132075471698113,3.0943396226415096,0.33962264150943394,0.6037735849056604,0.5471698113207547,0.6415094339622641,1.1886792452830188,13.622641509433961,3
Joe Ingles,4.523076923076923,2.9846153846153847,2.0923076923076924,0.6153846153846154,0.07692307692307693,0.9846153846153847,2.4153846153846152,0.5230769230769231,17.246153846153845,3
Joel Embiid,35.0,5.5,11.083333333333334,1.1944444444444444,1.5833333333333333,3.861111111111111,3.4722222222222223,11.833333333333334,33.611111111111114,2
John Collins,15.2,1.1076923076923078,8.338461538461539,0.6,0.9230769230769231,1.4923076923076923,3.4,2.753846153846154,27.784615384615385,0
John Konchar,4.326923076923077,2.0384615384615383,4.576923076923077,0.9230769230769231,0.9038461538461539,0.8653846153846154,2.1923076923076925,0.4807692307692308,21.23076923076923,1
Johnny Davis,2.74468085106383,0.6808510638297872,1.446808510638298,0.2978723404255319,0.2127659574468085,0.23404255319148937,0.8085106382978723,0.44680851063829785,12.25531914893617,3
Johnny Juzang,8.470588235294118,1.2941176470588236,2.1176470588235294,0.23529411764705882,0.11764705882352941,0.7647058823529411,4.294117647058823,0.8235294117647058,21.352941176470587,3
Jonas Valančiūnas,12.291139240506329,2.1392405063291138,8.848101265822784,0.4050632911392405,0.8227848101265823,1.3164556962025316,1.3924050632911393,2.518987341772152,23.481012658227847,0
Jonathan Isaac,6.890909090909091,0.5272727272727272,4.5636363636363635,0.7454545454545455,1.2363636363636363,0.45454545454545453,1.9090909090909092,1.4363636363636363,16.036363636363635,0
Jonathan Kuminga,16.267605633802816,2.267605633802817,4.816901408450704,0.7323943661971831,0.49295774647887325,1.619718309859155,2.23943661971831,4.056338028169014,26.56338028169014,1
Jordan Clarkson,17.26923076923077,5.0576923076923075,3.423076923076923,0.6538461538461539,0.11538461538461539,2.6346153846153846,5.6923076923076925,3.6346153846153846,30.692307692307693,2
Jordan Goodwin,6.296296296296297,2.685185185185185,4.407407407407407,0.8148148148148148,0.3333333333333333,0.9444444444444444,2.4074074074074074,0.9259259259259259,18.333333333333332,1
Jordan Hawkins,7.78125,1.015625,2.171875,0.265625,0.109375,0.59375,4.421875,1.21875,17.140625,3
Jordan McLaughlin,3.6226415094339623,2.0,1.3584905660377358,0.660377358490566,0.11320754716981132,0.3584905660377358,1.6415094339622642,0.33962264150943394,11.60377358490566,3
Jordan Miller,1.6,0.0,0.8,0.0,0.0,0.0,0.2,0.4,3.2,3
Jordan Poole,17.333333333333332,4.453333333333333,2.7066666666666666,1.08,0.29333333333333333,2.3466666666666667,7.213333333333333,2.7333333333333334,30.12,2
Jordan Walsh,2.1666666666666665,0.5,2.3333333333333335,0.6666666666666666,0.16666666666666666,0.5,1.3333333333333333,0.3333333333333333,11.333333333333334,3
Jose Alvarado,7.132075471698113,2.0943396226415096,2.30188679245283,1.0377358490566038,0.2830188679245283,0.6792452830188679,3.69811320754717,0.8679245283018868,18.471698113207548,1
Josh Giddey,12.454545454545455,4.818181818181818,6.4935064935064934,0.6493506493506493,0.5714285714285714,2.0779220779220777,3.0779220779220777,1.6103896103896105,25.038961038961038,1
Josh Green,8.12962962962963,2.2962962962962963,3.2777777777777777,0.7777777777777778,0.16666666666666666,1.037037037037037,3.2962962962962963,0.8703703703703703,26.166666666666668,1
Josh Hart,9.576923076923077,4.217948717948718,8.41025641025641,0.9358974358974359,0.2948717948717949,1.4743589743589745,3.2051282051282053,1.4487179487179487,33.85897435897436,1
Josh Minott,1.5862068965517242,0.27586206896551724,0.5862068965517241,0.1724137931034483,0.13793103448275862,0.06896551724137931,0.3103448275862069,0.4827586206896552,3.0,3
Josh Okogie,4.2631578947368425,1.0526315789473684,2.456140350877193,0.8245614035087719,0.40350877192982454,0.5789473684210527,1.5263157894736843,1.6666666666666667,15.368421052631579,3
Josh Richardson,10.125,2.375,2.8,0.575,0.35,0.85,4.525,1.275,25.625,1
Jrue Holiday,12.469696969696969,4.863636363636363,5.363636363636363,0.9090909090909091,0.7121212121212122,1.8181818181818181,4.696969696969697,1.0303030303030303,32.833333333333336,1
Julian Champagnie,7.028169014084507,1.4507042253521127,2.8732394366197185,0.6619718309859155,0.5774647887323944,0.7746478873239436,3.8309859154929575,1.295774647887324,20.507042253521128,1
Julian Phillips,2.4054054054054053,0.35135135135135137,0.972972972972973,0.1891891891891892,0.1891891891891892,0.2702702702702703,1.027027027027027,0.5135135135135135,8.45945945945946,3
Julian Strawther,4.574468085106383,0.9787234042553191,1.2340425531914894,0.3617021276595745,0.14893617021276595,0.48936170212765956,2.8297872340425534,0.6595744680851063,11.25531914893617,3
Julius Randle,24.674418604651162,4.8604651162790695,9.023255813953488,0.5348837209302325,0.27906976744186046,3.441860465116279,5.209302325581396,6.674418604651163,35.48837209302326,2
Justin Champagnie,6.5,1.5,4.333333333333333,0.75,0.6666666666666666,0.75,3.3333333333333335,1.25,18.25,1
Justin Minaya,1.967741935483871,0.6774193548387096,1.7096774193548387,0.2903225806451613,0.3225806451612903,0.25806451612903225,1.5806451612903225,0.2903225806451613,11.870967741935484,3
Jusuf Nurkić,10.972602739726028,3.958904109589041,11.054794520547945,1.0410958904109588,1.0684931506849316,2.3013698630136985,1.1506849315068493,3.4246575342465753,27.383561643835616,0
KJ Martin,3.754385964912281,0.8771929824561403,2.245614035087719,0.3508771929824561,0.19298245614035087,0.5263157894736842,0.40350877192982454,0.6842105263157895,12.508771929824562,3
Karl-Anthony Towns,22.06779661016949,3.0677966101694913,8.220338983050848,0.6949152542372882,0.6271186440677966,2.9152542372881354,5.254237288135593,4.88135593220339,32.57627118644068,2
Kawhi Leonard,23.753846153846155,3.523076923076923,6.138461538461539,1.6307692307692307,0.8923076923076924,1.7076923076923076,4.8307692307692305,4.246153846153846,34.41538461538462,2
Keegan Murray,15.18918918918919,1.6486486486486487,5.364864864864865,1.0,0.7432432432432432,0.7972972972972973,6.513513513513513,1.5945945945945945,33.62162162162162,1
Keldon Johnson,15.787878787878787,2.772727272727273,5.4393939393939394,0.7575757575757576,0.2878787878787879,1.4242424242424243,5.333333333333333,3.242424242424242,29.515151515151516,1
Kelly Olynyk,9.773333333333333,4.493333333333333,5.266666666666667,0.96,0.38666666666666666,1.96,2.026666666666667,2.3333333333333335,22.666666666666668,1
Kelly Oubre Jr.,15.261538461538462,1.523076923076923,5.061538461538461,1.0923076923076922,0.7076923076923077,1.2769230769230768,4.753846153846154,3.3384615384615386,30.338461538461537,1
Kenrich Williams,4.681818181818182,1.3181818181818181,3.0303030303030303,0.5606060606060606,0.13636363636363635,0.4696969696969697,2.0757575757575757,0.18181818181818182,14.757575757575758,3
Kentavious Caldwell-Pope,10.013698630136986,2.4657534246575343,2.410958904109589,1.2054794520547945,0.547945205479452,0.9726027397260274,4.041095890410959,1.4931506849315068,31.54794520547945,1
Keon Ellis,5.462962962962963,1.5555555555555556,2.259259259259259,0.9074074074074074,0.5370370370370371,0.6851851851851852,2.9814814814814814,0.5740740740740741,17.75925925925926,1
Keon Johnson,3.5,0.0,1.5,0.0,0.0,1.0,1.0,2.0,7.0,3
Kessler Edwards,1.8235294117647058,0.29411764705882354,0.8235294117647058,0.19607843137254902,0.0784313725490196,0.0784313725490196,1.0,0.17647058823529413,5.294117647058823,3
Kevin Durant,27.069444444444443,5.083333333333333,6.513888888888889,0.9305555555555556,1.2222222222222223,3.2222222222222223,5.5,5.5,37.291666666666664,2
Kevin Huerter,10.426229508196721,2.5901639344262297,3.442622950819672,0.7377049180327869,0.32786885245901637,0.8524590163934426,5.311475409836065,0.7377049180327869,24.39344262295082,1
Kevin Knox II,6.5,0.7142857142857143,2.0714285714285716,0.35714285714285715,0.21428571428571427,0.7142857142857143,2.892857142857143,0.7857142857142857,17.035714285714285,3
Kevin Love,8.846153846153847,2.076923076923077,6.038461538461538,0.3269230769230769,0.19230769230769232,0.8653846153846154,4.403846153846154,2.0,16.51923076923077,1
Kevon Looney,4.422535211267606,1.7605633802816902,5.422535211267606,0.3380281690140845,0.38028169014084506,0.647887323943662,0.014084507042253521,1.1267605633802817,15.647887323943662,3
Keyonte George,13.13888888888889,4.472222222222222,2.763888888888889,0.4861111111111111,0.09722222222222222,2.5555555555555554,5.916666666666667,3.0555555555555554,27.319444444444443,2
Khris Middleton,15.5,5.4423076923076925,4.788461538461538,0.9038461538461539,0.28846153846153844,2.3076923076923075,4.576923076923077,2.1538461538461537,27.653846153846153,2
Killian Hayes,6.846153846153846,5.0,2.923076923076923,0.7948717948717948,0.46153846153846156,1.1794871794871795,1.5897435897435896,1.1538461538461537,23.71794871794872,1
Klay Thompson,17.87837837837838,2.2837837837837838,3.2432432432432434,0.6621621621621622,0.44594594594594594,1.4864864864864864,9.013513513513514,1.8243243243243243,29.527027027027028,1
Kobe Brown,1.9268292682926829,0.5609756097560976,1.3414634146341464,0.2682926829268293,0.12195121951219512,0.21951219512195122,1.048780487804878,0.04878048780487805,8.829268292682928,3
Kobe Bufkin,5.5,1.8571428571428572,2.142857142857143,0.5,0.35714285714285715,0.7142857142857143,2.7142857142857144,0.42857142857142855,13.714285714285714,3
Kris Dunn,5.412698412698413,3.9047619047619047,2.9365079365079363,1.0,0.4444444444444444,1.126984126984127,1.6984126984126984,0.4444444444444444,18.984126984126984,1
Kris Murray,6.372881355932203,1.3559322033898304,3.7796610169491527,0.8813559322033898,0.3389830508474576,0.9322033898305084,3.0847457627118646,0.9491525423728814,22.491525423728813,1
Kristaps Porziņģis,20.055555555555557,2.0555555555555554,7.148148148148148,0.7222222222222222,1.9444444444444444,1.5740740740740742,5.111111111111111,5.333333333333333,29.574074074074073,0
Kyle Anderson,6.355263157894737,4.171052631578948,3.4210526315789473,0.8552631578947368,0.6052631578947368,1.131578947368421,0.5921052631578947,1.75,22.38157894736842,1
Kyle Kuzma,22.17910447761194,4.3283582089552235,6.626865671641791,0.5373134328358209,0.7014925373134329,2.8358208955223883,6.417910447761194,3.4477611940298507,32.73134328358209,2
Kyle Lowry,8.263157894736842,4.192982456140351,3.1578947368421053,0.9824561403508771,0.3333333333333333,1.4035087719298245,4.228070175438597,1.3157894736842106,27.982456140350877,1
Kyrie Irving,25.927272727272726,5.090909090909091,5.090909090909091,1.2545454545454546,0.4727272727272727,1.8363636363636364,7.345454545454546,3.6545454545454548,34.981818181818184,2
LaMelo Ball,25.42105263157895,7.842105263157895,5.0,1.8421052631578947,0.15789473684210525,3.8421052631578947,9.105263157894736,4.526315789473684,32.94736842105263,2
Lamar Stevens,7.514285714285714,0.7428571428571429,3.4857142857142858,0.6285714285714286,0.6285714285714286,0.6,1.2857142857142858,1.542857142857143,15.514285714285714,3
Landry Shamet,7.069767441860465,1.1162790697674418,1.372093023255814,0.5348837209302325,0.20930232558139536,0.6976744186046512,3.372093023255814,1.0465116279069768,15.906976744186046,3
Larry Nance Jr.,5.913793103448276,1.9137931034482758,4.9655172413793105,1.0344827586206897,0.3103448275862069,0.7586206896551724,1.103448275862069,1.0517241379310345,20.137931034482758,1
Lauri Markkanen,23.173076923076923,2.0384615384615383,8.153846153846153,0.9038461538461539,0.46153846153846156,1.3846153846153846,7.9423076923076925,5.096153846153846,33.23076923076923,2
LeBron James,25.779411764705884,8.338235294117647,7.161764705882353,1.2647058823529411,0.5294117647058824,3.411764705882353,5.088235294117647,5.720588235294118,35.36764705882353,2
Leonard Miller,1.9285714285714286,0.5,1.0,0.14285714285714285,0.07142857142857142,0.07142857142857142,0.35714285714285715,0.14285714285714285,3.5,3
Lester Quinones,4.588235294117647,1.0294117647058822,2.0294117647058822,0.17647058823529413,0.058823529411764705,0.4411764705882353,2.411764705882353,0.8529411764705882,11.176470588235293,3
Lindy Waters III,3.914285714285714,0.6857142857142857,1.1428571428571428,0.14285714285714285,0.2,0.2,2.4,0.05714285714285714,7.914285714285715,3
Lonnie Walker IV,9.363636363636363,1.1636363636363636,2.1454545454545455,0.509090909090909,0.32727272727272727,0.8363636363636363,4.618181818181818,0.7636363636363637,17.09090909090909,1
Luguentz Dort,10.75,1.4342105263157894,3.5526315789473686,0.8947368421052632,0.5789473684210527,0.9342105263157895,5.026315789473684,1.9210526315789473,28.32894736842105,1
Luka Dončić,33.62686567164179,9.805970149253731,9.134328358208956,1.4328358208955223,0.5522388059701493,4.059701492537314,10.552238805970148,8.671641791044776,37.52238805970149,2
Luka Garza,3.9545454545454546,0.18181818181818182,1.1818181818181819,0.18181818181818182,0.045454545454545456,0.2727272727272727,1.4090909090909092,0.8636363636363636,5.0,3
Luke Kennard,11.61111111111111,3.5555555555555554,2.8333333333333335,0.5,0.05555555555555555,1.4722222222222223,6.138888888888889,1.1666666666666667,26.02777777777778,1
Luke Kornet,5.533333333333333,1.0666666666666667,4.283333333333333,0.38333333333333336,1.0,0.3333333333333333,0.016666666666666666,0.9,16.033333333333335,3
Malachi Flynn,5.606060606060606,1.9090909090909092,1.7272727272727273,0.5454545454545454,0.12121212121212122,0.8787878787878788,2.5,1.0606060606060606,12.863636363636363,3
Malaki Branham,9.23611111111111,2.0555555555555554,1.9861111111111112,0.3472222222222222,0.1111111111111111,1.2083333333333333,3.611111111111111,0.8472222222222222,21.36111111111111,1
Malcolm Brogdon,15.472222222222221,5.638888888888889,3.7222222222222223,0.7222222222222222,0.2222222222222222,1.5277777777777777,5.055555555555555,2.9722222222222223,28.944444444444443,2
Malik Beasley,11.328947368421053,1.3421052631578947,3.6710526315789473,0.6973684210526315,0.11842105263157894,0.631578947368421,6.907894736842105,0.3815789473684211,29.513157894736842,1
Malik Monk,15.492753623188406,5.130434782608695,3.0,0.6521739130434783,0.5217391304347826,2.0869565217391304,5.840579710144928,2.8405797101449277,26.202898550724637,2
MarJon Beauchamp,4.2444444444444445,0.6888888888888889,2.088888888888889,0.28888888888888886,0.15555555555555556,0.5777777777777777,1.488888888888889,0.5777777777777777,12.422222222222222,3
Marcus Sasser,8.470588235294118,3.426470588235294,1.75,0.6470588235294118,0.17647058823529413,1.2941176470588236,3.4558823529411766,0.9705882352941176,19.5,1
Marcus Smart,14.294117647058824,4.235294117647059,2.764705882352941,1.8823529411764706,0.17647058823529413,3.1176470588235294,6.823529411764706,2.764705882352941,29.88235294117647,2
Mark Williams,13.0625,1.1875,9.9375,0.8125,1.125,0.8125,0.0,3.6875,27.125,0
Markelle Fultz,7.575,2.6,3.2,0.95,0.325,1.175,0.375,0.825,20.675,1
Markieff Morris,2.5217391304347827,0.6086956521739131,1.5217391304347827,0.21739130434782608,0.13043478260869565,0.5217391304347826,1.4782608695652173,0.2608695652173913,8.478260869565217,3
Marvin Bagley III,11.702127659574469,1.0851063829787233,6.25531914893617,0.425531914893617,0.6808510638297872,1.2340425531914894,0.44680851063829785,2.5319148936170213,21.425531914893618,0
Mason Jones,0.0,0.0,0.0,0.0,0.0,0.5,1.0,0.0,4.0,3
Mason Plumlee,5.372093023255814,1.2093023255813953,5.023255813953488,0.32558139534883723,0.3953488372093023,0.813953488372093,0.13953488372093023,2.1627906976744184,14.465116279069768,3
Matisse Thybulle,5.548387096774194,1.435483870967742,2.1451612903225805,1.7903225806451613,0.7741935483870968,0.6129032258064516,3.5806451612903225,0.46774193548387094,23.225806451612904,1
Matt Ryan,5.12,0.48,1.36,0.16,0.0,0.68,2.8,0.52,12.96,3
Max Christie,4.265625,0.9375,2.09375,0.296875,0.265625,0.53125,1.734375,0.6875,14.015625,3
Max Strus,11.895522388059701,4.044776119402985,4.626865671641791,0.9104477611940298,0.40298507462686567,1.626865671641791,6.656716417910448,1.373134328358209,31.671641791044777,1
Maxi Kleber,4.45,1.55,3.15,0.4,0.725,0.65,2.1,1.125,19.975,3
Maxwell Lewis,0.3548387096774194,0.1935483870967742,0.0967741935483871,0.06451612903225806,0.03225806451612903,0.2903225806451613,0.2903225806451613,0.0967741935483871,2.838709677419355,3
Micah Potter,3.4615384615384617,0.46153846153846156,2.8461538461538463,0.3076923076923077,0.46153846153846156,0.38461538461538464,1.3846153846153846,0.6153846153846154,12.76923076923077,3
Michael Porter Jr.,16.858974358974358,1.4743589743589745,6.8076923076923075,0.5128205128205128,0.6794871794871795,1.1538461538461537,6.833333333333333,1.3974358974358974,31.833333333333332,1
Mikal Bridges,19.544303797468356,3.6455696202531644,4.493670886075949,0.9746835443037974,0.3670886075949367,1.9620253164556962,7.341772151898734,3.8227848101265822,34.77215189873418,2
Mike Conley,11.479452054794521,6.0,2.8493150684931505,1.178082191780822,0.2191780821917808,1.3835616438356164,5.328767123287672,1.5068493150684932,28.794520547945204,1
Miles Bridges,21.196969696969695,3.3181818181818183,7.287878787878788,0.9242424242424242,0.48484848484848486,2.0303030303030303,6.621212121212121,3.015151515151515,37.515151515151516,2
Miles McBride,8.523076923076923,1.7384615384615385,1.523076923076923,0.7230769230769231,0.1076923076923077,0.46153846153846156,4.015384615384615,0.7384615384615385,20.153846153846153,1
Mitchell Robinson,5.571428571428571,0.5714285714285714,8.178571428571429,1.0714285714285714,1.0357142857142858,0.8571428571428571,0.0,2.142857142857143,24.178571428571427,0
Mo Bamba,4.685185185185185,0.7592592592592593,4.333333333333333,0.4074074074074074,1.0925925925925926,0.7037037037037037,1.1851851851851851,0.9259259259259259,13.592592592592593,3
Monté Morris,4.9,2.1333333333333333,1.7333333333333334,0.6,0.26666666666666666,0.2,2.1666666666666665,0.5666666666666667,14.733333333333333,3
Moritz Wagner,10.96103896103896,1.2337662337662338,4.324675324675325,0.4935064935064935,0.24675324675324675,1.1948051948051948,1.4545454545454546,2.5844155844155843,17.727272727272727,1
Moses Brown,3.6315789473684212,0.3157894736842105,4.2631578947368425,0.21052631578947367,0.3157894736842105,0.5789473684210527,0.0,1.5263157894736843,9.842105263157896,3
Moses Moody,8.047619047619047,0.873015873015873,2.9682539682539684,0.5714285714285714,0.3492063492063492,0.6666666666666666,2.984126984126984,1.4126984126984128,17.53968253968254,3
Mouhamed Gueye,8.0,1.3333333333333333,7.0,1.3333333333333333,1.3333333333333333,0.0,2.0,2.0,21.666666666666668,0
Moussa Diabaté,3.125,0.0,2.625,0.375,0.125,0.0,0.0,1.75,6.625,3
Myles Turner,17.054054054054053,1.2837837837837838,6.783783783783784,0.527027027027027,1.8513513513513513,1.4054054054054055,4.175675675675675,4.081081081081081,26.95945945945946,0
Naji Marshall,6.825396825396825,1.9523809523809523,3.634920634920635,0.746031746031746,0.15873015873015872,0.9523809523809523,2.2222222222222223,1.2380952380952381,19.126984126984127,1
Nate Williams,2.736842105263158,0.3157894736842105,1.2105263157894737,0.15789473684210525,0.05263157894736842,0.21052631578947367,0.15789473684210525,0.5789473684210527,5.947368421052632,3
Naz Reid,13.35897435897436,1.3333333333333333,5.256410256410256,0.782051282051282,0.9358974358974359,1.3974358974358974,5.0256410256410255,1.8333333333333333,24.205128205128204,1
Neemias Queta,5.68,0.8,4.2,0.48,0.84,0.44,0.0,0.92,12.08,3
Nic Claxton,12.0,2.073529411764706,10.0,0.6617647058823529,2.014705882352941,1.3529411764705883,0.07352941176470588,2.838235294117647,29.970588235294116,0
Nick Richards,10.015625,0.8125,8.296875,0.375,1.078125,1.0625,0.015625,2.671875,26.75,0
Nick Smith Jr.,6.125,1.1875,1.4791666666666667,0.1875,0.14583333333333334,0.7916666666666666,2.9375,0.3125,14.833333333333334,3
Nickeil Alexander-Walker,8.164556962025317,2.4936708860759493,2.0253164556962027,0.7848101265822784,0.5063291139240507,0.8987341772151899,4.0886075949367084,0.7974683544303798,23.620253164556964,1
Nicolas Batum,5.473684210526316,2.1578947368421053,4.228070175438597,0.7894736842105263,0.5964912280701754,0.6842105263157895,3.1228070175438596,0.3684210526315789,25.859649122807017,1
Nikola Jokić,26.394736842105264,9.013157894736842,12.328947368421053,1.394736842105263,0.868421052631579,2.9210526315789473,2.8947368421052633,5.592105263157895,34.68421052631579,2
Nikola Jović,7.8604651162790695,1.8837209302325582,3.9767441860465116,0.5581395348837209,0.32558139534883723,0.8837209302325582,3.6511627906976742,1.0,19.790697674418606,1
Nikola Vučević,18.301369863013697,3.3972602739726026,10.63013698630137,0.6438356164383562,0.7808219178082192,1.5342465753424657,4.164383561643835,1.6986301369863013,34.35616438356164,0
Noah Clowney,5.85,0.75,3.7,0.4,0.75,0.7,1.6,1.3,17.0,3
Norman Powell,13.904109589041095,1.082191780821918,2.547945205479452,0.547945205479452,0.2876712328767123,0.863013698630137,5.068493150684931,2.2465753424657535,26.34246575342466,1
OG Anunoby,14.72340425531915,2.234042553191489,4.170212765957447,1.3191489361702127,0.6808510638297872,1.6170212765957446,5.212765957446808,1.8297872340425532,34.319148936170215,1
Obi Toppin,10.405063291139241,1.6075949367088607,3.848101265822785,0.569620253164557,0.5316455696202531,0.8607594936708861,3.1012658227848102,1.2278481012658229,21.126582278481013,1
Ochai Agbaji,5.973333333333334,1.08,2.8266666666666667,0.6133333333333333,0.56,0.8533333333333334,2.7466666666666666,0.7466666666666667,21.36,1
Olivier-Maxence Prosper,3.135135135135135,0.5945945945945946,2.108108108108108,0.1891891891891892,0.10810810810810811,0.21621621621621623,1.162162162162162,1.0,8.702702702702704,3
Onyeka Okongwu,10.26923076923077,1.3269230769230769,6.980769230769231,0.46153846153846156,1.1346153846153846,0.8269230769230769,1.2884615384615385,2.1346153846153846,25.826923076923077,0
Orlando Robinson,2.6666666666666665,0.8181818181818182,2.303030303030303,0.18181818181818182,0.21212121212121213,0.45454545454545453,0.42424242424242425,0.696969696969697,8.212121212121213,3
Oscar Tshiebwe,3.0,0.0,2.2,0.4,0.2,0.0,0.0,0.8,5.0,3
Oshae Brissett,3.75,0.8269230769230769,2.923076923076923,0.3076923076923077,0.15384615384615385,0.34615384615384615,1.0,1.5576923076923077,11.26923076923077,3
Ousmane Dieng,3.966666666666667,1.1333333333333333,1.4333333333333333,0.26666666666666666,0.16666666666666666,0.6,1.9333333333333333,0.5,10.733333333333333,3
P.J. Tucker,1.6428571428571428,0.5714285714285714,2.5357142857142856,0.4642857142857143,0.17857142857142858,0.21428571428571427,1.0714285714285714,0.10714285714285714,15.0,3
P.J. Washington,12.657142857142857,1.9142857142857144,5.585714285714285,1.0,0.8285714285714286,1.3142857142857143,5.7,2.0428571428571427,30.34285714285714,1
Paolo Banchero,22.974025974025974,5.415584415584416,6.974025974025974,0.8831168831168831,0.6103896103896104,3.1298701298701297,4.48051948051948,7.025974025974026,35.12987012987013,2
Pascal Siakam,21.98701298701299,4.285714285714286,7.0519480519480515,0.8051948051948052,0.3116883116883117,1.7402597402597402,3.0,5.0,33.103896103896105,2
Pat Connaughton,5.589041095890411,2.1232876712328768,3.136986301369863,0.5205479452054794,0.2328767123287671,0.6438356164383562,3.0821917808219177,0.7671232876712328,22.0,1
Pat Spencer,0.6666666666666666,1.0,1.3333333333333333,0.0,0.0,0.3333333333333333,0.6666666666666666,0.0,6.666666666666667,3
Patrick Baldwin Jr.,4.8,0.8,3.4857142857142858,0.5142857142857142,0.42857142857142855,0.5428571428571428,2.742857142857143,0.8,13.714285714285714,3
Patrick Williams,10.45,1.5,3.925,0.875,0.825,1.35,3.475,1.65,27.75,1
Patty Mills,4.172413793103448,1.103448275862069,1.1379310344827587,0.6551724137931034,0.0,0.5172413793103449,2.8620689655172415,0.3793103448275862,13.620689655172415,3
Paul George,22.380281690140844,3.5211267605633805,5.309859154929577,1.4788732394366197,0.5211267605633803,2.056338028169014,7.957746478873239,3.859154929577465,33.816901408450704,2
Paul Reed,7.481012658227848,1.3417721518987342,6.0,0.8354430379746836,1.0379746835443038,0.7974683544303798,0.6835443037974683,1.0506329113924051,19.632911392405063,0
Payton Pritchard,9.873417721518987,3.4556962025316458,3.2531645569620253,0.4810126582278481,0.0759493670886076,0.7215189873417721,4.708860759493671,0.6835443037974683,22.455696202531644,1
Pete Nance,0.6,0.0,0.4,0.2,0.0,0.2,0.2,0.4,4.0,3
Peyton Watson,6.532467532467533,1.103896103896104,3.25974025974026,0.5194805194805194,1.077922077922078,0.7272727272727273,1.8571428571428572,1.3506493506493507,18.675324675324674,3
Precious Achiuwa,7.647887323943662,1.3098591549295775,6.52112676056338,0.647887323943662,0.9436619718309859,1.0845070422535212,1.295774647887324,1.5352112676056338,21.95774647887324,0
Quentin Grimes,7.020833333333333,1.3333333333333333,2.0,0.6875,0.14583333333333334,0.5625,4.645833333333333,0.9166666666666666,19.791666666666668,1
RJ Barrett,20.036363636363635,3.327272727272727,5.5636363636363635,0.5272727272727272,0.38181818181818183,2.1454545454545455,4.254545454545455,4.9818181818181815,31.6,2
Rayan Rupert,4.277777777777778,1.7222222222222223,2.5555555555555554,0.3333333333333333,0.08333333333333333,0.8611111111111112,2.138888888888889,0.6388888888888888,17.36111111111111,3
Reggie Jackson,10.177215189873417,3.7341772151898733,1.8987341772151898,0.5189873417721519,0.1518987341772152,1.2911392405063291,3.4430379746835444,1.240506329113924,22.164556962025316,1
Richaun Holmes,5.108108108108108,0.6486486486486487,4.621621621621622,0.2972972972972973,0.5135135135135135,0.5945945945945946,0.08108108108108109,1.2702702702702702,14.378378378378379,3
Ricky Council IV,5.931034482758621,0.5517241379310345,1.5862068965517242,0.27586206896551724,0.034482758620689655,0.1724137931034483,1.0689655172413792,2.3793103448275863,9.655172413793103,3
Robert Williams III,6.333333333333333,0.3333333333333333,7.0,0.6666666666666666,1.3333333333333333,1.0,0.0,2.0,16.666666666666668,0
Royce O'Neale,7.684210526315789,2.8157894736842106,4.7105263157894735,0.7631578947368421,0.5526315789473685,0.9078947368421053,5.328947368421052,0.4605263157894737,24.513157894736842,1
Rudy Gobert,13.945205479452055,1.356164383561644,12.904109589041095,0.6575342465753424,2.136986301369863,1.5616438356164384,0.0410958904109589,5.123287671232877,34.16438356164384,0
Rui Hachimura,13.830769230769231,1.2307692307692308,4.384615384615385,0.6153846153846154,0.36923076923076925,0.6923076923076923,3.4307692307692306,1.9692307692307693,27.4,1
Russell Westbrook,11.076923076923077,4.4,4.938461538461539,1.1076923076923078,0.3230769230769231,2.0615384615384613,2.246153846153846,2.4153846153846152,22.046153846153846,1
Ryan Rollins,3.0,0.9,0.9,0.6,0.2,0.6,0.4,0.5,5.2,3
Saddiq Bey,13.833333333333334,1.4666666666666666,6.6,0.7666666666666667,0.16666666666666666,0.8333333333333334,5.816666666666666,3.2666666666666666,32.9,1
Sam Hauser,9.223684210526315,1.0657894736842106,3.486842105263158,0.5131578947368421,0.3026315789473684,0.40789473684210525,5.921052631578948,0.25,22.289473684210527,1
Sam Merrill,8.258620689655173,1.8103448275862069,2.0172413793103448,0.29310344827586204,0.06896551724137931,0.3103448275862069,6.017241379310345,0.4827586206896552,18.086206896551722,3
Sandro Mamukelashvili,4.3023255813953485,1.1162790697674418,3.255813953488372,0.13953488372093023,0.27906976744186046,0.4186046511627907,1.4186046511627908,0.7441860465116279,10.069767441860465,3
Santi Aldama,10.844827586206897,2.3275862068965516,5.810344827586207,0.7068965517241379,0.9137931034482759,1.1379310344827587,5.103448275862069,1.4310344827586208,26.93103448275862,1
Scoot Henderson,14.338983050847459,5.5423728813559325,3.169491525423729,0.7966101694915254,0.2033898305084746,3.3728813559322033,4.338983050847458,3.440677966101695,28.423728813559322,2
Scottie Barnes,19.789473684210527,6.017543859649122,8.210526315789474,1.280701754385965,1.3859649122807018,2.6842105263157894,5.0,4.228070175438597,34.78947368421053,2
Scotty Pippen Jr.,13.833333333333334,4.833333333333333,3.1666666666666665,2.0,0.5555555555555556,2.7777777777777777,3.8333333333333335,2.6666666666666665,26.666666666666668,2
Seth Curry,5.390243902439025,1.0,1.6097560975609757,0.5121951219512195,0.12195121951219512,0.4634146341463415,2.5609756097560976,0.7560975609756098,14.317073170731707,3
Seth Lundy,1.5,0.0,0.6666666666666666,0.0,0.0,0.16666666666666666,1.0,0.6666666666666666,3.8333333333333335,3
Shaedon Sharpe,15.586206896551724,3.0,4.9655172413793105,0.8620689655172413,0.41379310344827586,2.2758620689655173,5.482758620689655,3.8275862068965516,32.86206896551724,2
Shai Gilgeous-Alexander,30.305555555555557,6.166666666666667,5.486111111111111,1.9861111111111112,0.8888888888888888,2.1666666666666665,3.5833333333333335,8.86111111111111,34.083333333333336,2
Shake Milton,4.444444444444445,1.1777777777777778,1.5555555555555556,0.37777777777777777,0.13333333333333333,0.5777777777777777,1.2444444444444445,1.0222222222222221,11.71111111111111,3
Sidy Cissoko,4.777777777777778,1.1111111111111112,2.111111111111111,0.5555555555555556,0.3333333333333333,0.2222222222222222,1.1111111111111112,1.4444444444444444,13.222222222222221,3
Simone Fontecchio,10.666666666666666,1.5714285714285714,3.8253968253968256,0.6984126984126984,0.3492063492063492,1.0317460317460319,5.142857142857143,1.0476190476190477,25.634920634920636,1
Spencer Dinwiddie,10.438356164383562,4.684931506849315,2.73972602739726,0.6986301369863014,0.3013698630136986,1.1917808219178083,4.794520547945205,2.8219178082191783,28.424657534246574,1
Stanley Umude,6.0476190476190474,0.5238095238095238,2.3333333333333335,0.3333333333333333,0.3333333333333333,0.6666666666666666,2.5238095238095237,1.5238095238095237,13.952380952380953,3
Stephen Curry,26.253521126760564,5.183098591549296,4.422535211267606,0.7183098591549296,0.38028169014084506,2.859154929577465,11.80281690140845,4.295774647887324,32.71830985915493,2
Svi Mykhailiuk,4.052631578947368,0.8947368421052632,1.263157894736842,0.2631578947368421,0.02631578947368421,0.3157894736842105,2.6842105263157894,0.23684210526315788,10.368421052631579,3
T.J. McConnell,10.25,5.514705882352941,2.661764705882353,1.0147058823529411,0.11764705882352941,1.5735294117647058,0.6323529411764706,0.8529411764705882,18.264705882352942,1
Taj Gibson,1.8823529411764706,0.6470588235294118,1.9411764705882353,0.11764705882352941,0.4117647058823529,0.23529411764705882,0.47058823529411764,0.11764705882352941,11.176470588235293,3
Talen Horton-Tucker,10.291666666666666,3.4166666666666665,2.4375,0.8541666666666666,0.3541666666666667,1.2916666666666667,3.5416666666666665,2.1458333333333335,19.604166666666668,1
Tari Eason,10.31578947368421,1.2105263157894737,7.0,1.5789473684210527,0.8421052631578947,0.9473684210526315,2.263157894736842,1.736842105263158,22.68421052631579,0
Taurean Prince,8.786666666666667,1.5466666666666666,2.986666666666667,0.76,0.44,0.9466666666666667,4.48,0.8533333333333334,26.92,1
Taylor Hendricks,7.45945945945946,0.8648648648648649,4.864864864864865,0.7027027027027027,0.7297297297297297,0.6756756756756757,3.5675675675675675,0.7297297297297297,21.91891891891892,1
Tazé Moore,12.0,4.0,8.0,1.0,0.0,2.0,5.0,2.0,30.0,1
Terance Mann,8.88888888888889,1.5555555555555556,3.3472222222222223,0.5972222222222222,0.20833333333333334,0.625,2.7222222222222223,1.3194444444444444,25.01388888888889,1
Terry Rozier,19.620689655172413,5.620689655172414,4.068965517241379,1.0517241379310345,0.3448275862068966,1.706896551724138,6.724137931034483,3.1206896551724137,33.293103448275865,2
Terry Taylor,1.5714285714285714,0.35714285714285715,1.2857142857142858,0.17857142857142858,0.07142857142857142,0.25,0.32142857142857145,0.17857142857142858,6.5,3
Thomas Bryant,5.771428571428571,0.5142857142857142,3.6,0.2571428571428571,0.42857142857142855,0.5142857142857142,0.6,1.1428571428571428,11.485714285714286,3
Tim Hardaway Jr.,14.236842105263158,1.763157894736842,3.1447368421052633,0.5394736842105263,0.07894736842105263,0.868421052631579,7.5394736842105265,2.0921052631578947,26.776315789473685,1
Tobias Harris,17.08955223880597,3.1492537313432836,6.552238805970149,1.0,0.6268656716417911,1.2835820895522387,3.6865671641791047,2.9402985074626864,33.73134328358209,1
Torrey Craig,5.62,1.14,4.04,0.58,0.38,0.62,2.86,0.72,19.66,1
Tosan Evbuomwan,6.5,0.7142857142857143,3.2857142857142856,0.42857142857142855,0.35714285714285715,0.5714285714285714,1.7857142857142858,1.7857142857142858,21.5,3
Toumani Camara,7.552238805970149,1.208955223880597,4.985074626865671,0.9850746268656716,0.44776119402985076,1.2537313432835822,2.4328358208955225,1.3880597014925373,24.98507462686567,1
Trae Young,26.03921568627451,10.803921568627452,2.784313725490196,1.3137254901960784,0.21568627450980393,4.333333333333333,8.764705882352942,7.313725490196078,35.98039215686274,2
Trayce Jackson-Davis,8.107692307692307,1.2615384615384615,5.092307692307692,0.4461538461538462,1.1076923076923078,0.7230769230769231,0.015384615384615385,1.9692307692307693,17.076923076923077,0
Tre Jones,10.054054054054054,6.216216216216216,3.72972972972973,1.0135135135135136,0.12162162162162163,1.5,2.472972972972973,1.5135135135135136,27.81081081081081,1
Tre Mann,9.736842105263158,4.2894736842105265,3.8157894736842106,1.3421052631578947,0.07894736842105263,1.6842105263157894,3.263157894736842,1.5263157894736843,25.789473684210527,1
Trendon Watford,6.866666666666666,1.2166666666666666,3.05,0.31666666666666665,0.31666666666666665,0.9666666666666667,1.0666666666666667,1.55,13.633333333333333,3
Trevelin Queen,2.727272727272727,0.9090909090909091,1.1818181818181819,0.18181818181818182,0.2727272727272727,0.6363636363636364,1.0909090909090908,0.8181818181818182,8.636363636363637,3
Trey Jemison III,7.545454545454546,1.2272727272727273,5.909090909090909,0.5,1.2272727272727273,1.5,0.0,1.0909090909090908,25.272727272727273,0
Trey Lyles,7.036363636363636,1.309090909090909,4.290909090909091,0.3090909090909091,0.32727272727272727,0.6,3.672727272727273,1.0909090909090908,19.763636363636362,3
Trey Murphy III,14.703703703703704,2.240740740740741,5.037037037037037,0.9259259259259259,0.48148148148148145,0.6296296296296297,7.777777777777778,2.7222222222222223,29.962962962962962,1
Tristan Thompson,3.1956521739130435,1.0434782608695652,3.5217391304347827,0.2608695652173913,0.2608695652173913,0.5434782608695652,0.021739130434782608,1.0869565217391304,11.152173913043478,3
Tristan Vukcevic,11.285714285714286,1.8571428571428572,4.428571428571429,0.5714285714285714,0.8571428571428571,1.1428571428571428,4.428571428571429,3.142857142857143,19.428571428571427,1
TyTy Washington Jr.,1.375,0.5,0.5,0.25,0.0,0.0,0.375,0.0,5.125,3
Tyler Herro,20.743589743589745,4.487179487179487,5.358974358974359,0.6666666666666666,0.07692307692307693,2.2564102564102564,7.794871794871795,2.717948717948718,33.12820512820513,2
Tyrese Haliburton,20.136363636363637,10.833333333333334,3.8636363636363638,1.2121212121212122,0.696969696969697,2.287878787878788,7.787878787878788,3.287878787878788,32.28787878787879,2
Tyrese Maxey,25.746268656716417,6.17910447761194,3.5522388059701493,1.0,0.47761194029850745,1.6865671641791045,8.119402985074627,5.298507462686567,37.43283582089552,2
Tyus Jones,11.88888888888889,7.380952380952381,2.7142857142857144,1.0634920634920635,0.2698412698412698,0.9841269841269841,3.8095238095238093,0.6190476190476191,29.365079365079364,1
Vasilije Micić,7.228070175438597,4.473684210526316,1.5263157894736843,0.543859649122807,0.12280701754385964,1.6666666666666667,2.6140350877192984,1.3157894736842106,20.07017543859649,1
Victor Wembanyama,21.691176470588236,3.9558823529411766,10.779411764705882,1.2058823529411764,3.661764705882353,3.6176470588235294,5.602941176470588,5.176470588235294,29.735294117647058,0
Vince Williams Jr.,10.387755102040817,3.489795918367347,5.836734693877551,0.9387755102040817,0.6326530612244898,1.836734693877551,4.142857142857143,2.489795918367347,28.897959183673468,1
Vít Krejčí,6.947368421052632,2.3684210526315788,2.6842105263157894,0.5789473684210527,0.2631578947368421,1.0526315789473684,3.3684210526315788,0.3157894736842105,27.05263157894737,1
Walker Kessler,8.21311475409836,0.9672131147540983,7.60655737704918,0.4918032786885246,2.4918032786885247,1.0163934426229508,0.2459016393442623,1.5245901639344261,23.311475409836067,0
Wendell Carter Jr.,11.096153846153847,1.7692307692307692,6.846153846153846,0.6346153846153846,0.5192307692307693,1.2307692307692308,3.1346153846153846,2.4615384615384617,25.326923076923077,1
Wendell Moore Jr.,0.8181818181818182,0.22727272727272727,0.5,0.22727272727272727,0.045454545454545456,0.18181818181818182,0.18181818181818182,0.0,3.1818181818181817,3
Xavier Tillman,4.823529411764706,1.3333333333333333,3.607843137254902,0.8823529411764706,0.803921568627451,0.5490196078431373,1.392156862745098,0.8627450980392157,17.352941176470587,1
Zach Collins,11.272727272727273,2.712121212121212,5.348484848484849,0.4393939393939394,0.7575757575757576,1.8181818181818181,2.515151515151515,2.378787878787879,21.71212121212121,1
Zach LaVine,18.727272727272727,4.2727272727272725,5.2272727272727275,0.9090909090909091,0.3181818181818182,1.8636363636363635,6.409090909090909,3.9545454545454546,35.09090909090909,2
Zeke Nnaji,3.1818181818181817,0.5454545454545454,2.2181818181818183,0.2727272727272727,0.6545454545454545,0.45454545454545453,0.4,1.0545454545454545,9.745454545454546,3
Ziaire Williams,8.0,1.4791666666666667,3.2708333333333335,0.75,0.1875,1.25,3.5625,1.4583333333333333,19.6875,1
Zion Williamson,22.91044776119403,5.134328358208955,5.8059701492537314,1.1044776119402986,0.7014925373134329,2.7611940298507465,0.2537313432835821,7.104477611940299,31.64179104477612,2
