PLAYER_NAME,PTS,AST,REB,STL,BLK,TOV,FG3A,FTA,MIN
LeBron James,27.00640204865557,7.416133162612036,7.510243277848912,1.5012804097311139,0.736235595390525,3.5025608194622277,4.687580025608194,7.51280409731114,37.79705505761844
Chris Paul,16.994830132939438,9.231166912850812,4.41506646971935,2.0066469719350075,0.16395864106351551,2.2843426883308715,3.7141802067946825,4.120384047267356,33.68316100443131
Kyle Lowry,13.94373401534527,6.052003410059676,4.229326513213981,1.277919863597613,0.29923273657289,2.2404092071611252,5.112531969309463,3.817561807331628,31.271952259164536
P.J. Tucker,6.6173814898419865,1.3826185101580135,5.3927765237020315,1.064334085778781,0.29683972911963885,0.9209932279909706,2.7133182844243793,1.0846501128668171,28.209932279909708
Kevin Durant,27.222617987533393,4.370436331255566,6.970614425645592,1.0454140694568121,1.1335707925200356,3.1647373107747105,5.004452359750668,7.365093499554764,36.71861086375779
Al Horford,12.921792618629174,3.188927943760984,7.859402460456942,0.7609841827768014,1.1423550087873462,1.3787346221441126,2.275043936731107,1.8488576449912126,31.561511423550087
Mike Conley,14.052901023890785,5.652730375426621,2.9470989761092152,1.3677474402730376,0.20648464163822525,1.8600682593856654,4.236348122866894,3.073378839590444,31.224402730375427
Jeff Green,11.843056696795399,1.4658997534921938,4.0115036976170915,0.6236647493837305,0.485620377978636,1.2999178307313064,2.921939194741167,2.867707477403451,27.328677074774035
Russell Westbrook,21.18431689571544,8.023443815683104,7.014551333872272,1.5804365400161682,0.32821341956346,3.9037995149555376,3.6192400970088925,6.261115602263541,33.28294260307195
Kevin Love,16.198529411764707,2.2815126050420167,9.975840336134453,0.6060924369747899,0.3865546218487395,1.763655462184874,4.7710084033613445,4.565126050420168,28.89075630252101
Eric Gordon,15.28,2.711351351351351,2.2843243243243245,0.8389189189189189,0.35135135135135137,1.8118918918918918,6.0562162162162165,3.215135135135135,31.227027027027027
Brook Lopez,15.852488687782806,1.4606334841628958,6.09683257918552,0.5728506787330316,1.8642533936651584,1.5846153846153845,2.764705882352941,3.497737556561086,30.336651583710406
Nicolas Batum,9.95579133510168,3.137046861184792,4.838196286472148,0.9089301503094607,0.6162687886825818,1.4730327144120248,4.1936339522546415,1.6162687886825817,28.85499557913351
DeAndre Jordan,8.535553555355536,0.9405940594059405,9.707470747074707,0.5139513951395139,1.4104410441044104,1.297929792979298,0.011701170117011701,3.3555355535553555,25.082808280828083
James Harden,24.054735013032147,7.225021720243267,5.62380538662033,1.4900086880973067,0.5690703735881842,3.7011294526498695,7.602085143353605,8.234578627280625,34.76020851433536
Stephen Curry,24.742690058479532,6.374269005847953,4.696881091617934,1.51364522417154,0.25828460038986356,3.1062378167641325,9.346003898635477,4.311890838206628,34.08966861598441
DeMar DeRozan,21.30749789385004,4.101937657961247,4.387531592249368,0.9856781802864364,0.33108677337826453,2.004212299915754,1.7245155855096883,6.552653748946925,34.732097725358045
James Johnson,7.417302798982188,2.0483460559796436,3.455470737913486,0.7391857506361323,0.8333333333333334,1.3333333333333333,1.6170483460559797,1.5521628498727735,19.797709923664122
Jrue Holiday,15.836065573770492,6.210221793635487,4.185149469623915,1.420443587270974,0.5159112825458052,2.5776277724204437,4.107039537126326,2.4233365477338475,32.939247830279655
Taj Gibson,8.380239520958083,0.9441117764471058,5.7155688622754495,0.5289421157684631,0.9620758483033932,1.0429141716566865,0.20658682634730538,1.9431137724550898,23.023952095808383
Patty Mills,8.690553745928339,2.182410423452769,1.6188925081433225,0.6308360477741585,0.08686210640608034,0.9348534201954397,4.35613463626493,0.9478827361563518,19.88599348534202
Garrett Temple,5.942931258106356,1.6342412451361867,2.219195849546044,0.7911802853437094,0.3125810635538262,0.8664072632944229,2.7302204928664073,1.0311284046692606,20.054474708171206
Paul George,20.591409691629956,3.710352422907489,6.259911894273127,1.6949339207048457,0.44162995594713655,2.6685022026431717,6.747797356828194,4.581497797356828,33.6068281938326
Kyrie Irving,23.662387676508345,5.603337612323491,4.073170731707317,1.3119383825417201,0.4326059050064185,2.4929396662387675,6.114249037227214,4.313222079589217,34.503209242618745
Tristan Thompson,8.32967032967033,0.9768009768009768,7.848595848595848,0.46153846153846156,0.6422466422466423,1.0598290598290598,0.05128205128205128,2.6727716727716726,24.947496947496948
Jonas Valančiūnas,13.104589114194237,1.3884738527214515,9.30949839914621,0.4044823906083244,0.9263607257203842,1.6339381003201707,0.7449306296691569,3.023479188900747,25.141942369263607
Bismack Biyombo,5.069204152249135,0.671280276816609,5.892733564013841,0.2687427912341407,1.2687427912341407,0.9146482122260668,0.0034602076124567475,1.9988465974625145,19.50634371395617
Klay Thompson,19.116763005780346,2.298265895953757,3.515606936416185,0.8393063583815029,0.5121387283236994,1.646242774566474,7.586127167630058,2.0554913294797688,32.145664739884396
Alec Burks,10.551201011378003,1.922882427307206,3.3400758533501897,0.672566371681416,0.20101137800252844,1.1415929203539823,3.1921618204804045,2.9190897597977243,22.218710493046775
Markieff Morris,10.209860935524652,1.5436156763590392,4.86346396965866,0.7509481668773704,0.4804045512010114,1.4171934260429835,2.441213653603034,1.9469026548672566,23.33881163084703
Kawhi Leonard,20.099590723055936,3.050477489768076,6.360163710777626,1.7121418826739427,0.6425648021828103,1.6534788540245566,4.129604365620737,4.510231923601637,31.762619372442018
Nikola Vučević,17.200617283950617,2.8930041152263373,10.462962962962964,0.8446502057613169,0.8683127572016461,1.7181069958847737,2.6512345679012346,2.0843621399176953,31.38065843621399
Tobias Harris,16.08659793814433,2.363917525773196,6.153608247422681,0.7927835051546391,0.5556701030927835,1.3855670103092783,3.683505154639175,2.888659793814433,31.677319587628865
Reggie Jackson,12.268099547511312,4.079185520361991,2.7861990950226243,0.670814479638009,0.1244343891402715,1.7680995475113122,3.840497737556561,2.0509049773755654,24.726244343891402
Cory Joseph,6.7297921478060045,2.9064665127020786,2.4180138568129332,0.7228637413394919,0.2113163972286374,0.9815242494226328,1.733256351039261,1.2448036951501156,21.1270207852194
Jimmy Butler III,18.294591484464902,4.340621403912543,5.347525891829689,1.6110471806674338,0.4361334867663982,1.6098964326812428,2.398158803222094,6.712313003452244,33.12888377445339
Anthony Davis,24.1143583227446,2.5527318932655656,10.692503176620077,1.312579415501906,2.3062261753494284,1.9987293519695044,1.6124523506988564,7.047013977128335,34.45362134688691
Bradley Beal,21.544319600499374,4.284644194756554,4.052434456928839,1.101123595505618,0.4232209737827715,2.4194756554307117,5.704119850187266,4.3283395755305865,34.40574282147316
Damian Lillard,25.108888888888888,6.743333333333333,4.272222222222222,0.9711111111111111,0.2966666666666667,2.8233333333333333,8.395555555555555,6.503333333333333,36.233333333333334
Andre Drummond,12.492256637168142,1.2245575221238938,12.14712389380531,1.2533185840707965,1.2699115044247788,1.7942477876106195,0.15486725663716813,4.088495575221239,26.789823008849556
Harrison Barnes,13.904330312185298,1.7512588116817724,4.7754279959718025,0.676737160120846,0.17925478348439072,1.1319234642497482,3.768378650553877,3.272910372608258,31.253776435045317
Jae Crowder,9.254926108374384,1.5775862068965518,4.176108374384237,0.9716748768472906,0.3312807881773399,0.8300492610837439,4.3669950738916254,1.748768472906404,24.826354679802957
Draymond Green,8.700340522133938,5.616345062429058,6.909194097616345,1.3427922814982973,1.0079455164585698,2.300794551645857,2.6311010215664017,2.014755959137344,28.695800227014757
Khris Middleton,16.625,3.9510309278350517,4.768041237113402,1.163659793814433,0.19458762886597938,2.082474226804124,4.695876288659794,3.104381443298969,30.701030927835053
Alex Len,6.678260869565217,0.8536231884057971,5.252173913043478,0.35942028985507246,0.8913043478260869,1.0695652173913044,0.5043478260869565,2.0,17.036231884057973
CJ McCollum,19.58576874205845,3.818297331639136,3.6429479034307497,0.8945362134688691,0.4142312579415502,1.8119440914866582,6.367217280813215,2.6772554002541296,32.101651842439644
Dennis Schröder,13.924080664294188,4.860023724792408,2.8873072360616843,0.8232502965599051,0.1435349940688019,2.2372479240806644,3.6773428232502967,2.959667852906287,27.311981020166073
Kelly Olynyk,10.17375,2.46875,5.155,0.79,0.4625,1.6075,3.10125,2.19,22.5
Kentavious Caldwell-Pope,11.153508771929825,1.8114035087719298,2.969298245614035,1.1589912280701755,0.2905701754385965,1.0120614035087718,4.5855263157894735,1.8475877192982457,29.642543859649123
Mason Plumlee,8.044186046511628,2.377906976744186,6.705813953488372,0.6930232558139535,0.8174418604651162,1.3930232558139535,0.05930232558139535,2.9755813953488373,21.85348837209302
Rudy Gobert,12.615199034981906,1.3546441495778045,11.700844390832328,0.6948130277442702,2.0723763570566947,1.6127864897466828,0.020506634499396863,4.990349819059108,30.675512665862485
Tim Hardaway Jr.,13.715867158671587,1.8277982779827797,2.875768757687577,0.6088560885608856,0.13284132841328414,0.982779827798278,6.284132841328414,2.3948339483394836,27.383763837638377
Giannis Antetokounmpo,23.90919674039581,4.991850989522701,9.930151338766008,1.118742724097788,1.238649592549476,3.0104772991850988,2.2211874272409777,8.30500582072177,32.867287543655415
Seth Curry,9.956363636363637,1.8818181818181818,2.0436363636363635,0.6527272727272727,0.13272727272727272,0.9618181818181818,3.9690909090909092,1.089090909090909,22.503636363636364
Zach LaVine,20.779816513761467,3.967889908256881,4.074923547400612,0.8730886850152905,0.2798165137614679,2.6376146788990824,5.996941896024465,4.319571865443425,32.813455657492355
Jordan Clarkson,15.97476759628154,2.9362549800796813,3.350597609561753,0.8154050464807437,0.15405046480743692,1.8804780876494025,5.53652058432935,2.634794156706507,27.653386454183266
Gary Harris,10.420711974110032,1.8462783171521036,2.2896440129449838,1.0792880258899675,0.22491909385113268,1.0242718446601942,3.9935275080906147,1.5728155339805825,26.967637540453076
Spencer Dinwiddie,13.00805152979066,5.0772946859903385,2.9806763285024154,0.7214170692431562,0.2689210950080515,1.6215780998389695,4.669887278582931,3.763285024154589,27.73107890499195
Jerami Grant,13.112656467315716,1.599443671766342,3.9304589707927677,0.674547983310153,1.0403337969401947,1.2712100139082059,3.5980528511821976,3.812239221140473,27.890125173852574
Doug McDermott,8.60545193687231,0.9526542324246772,2.0875179340028693,0.20946915351506457,0.09038737446197992,0.6255380200860832,3.4347202295552366,0.9239598278335724,19.472022955523673
Aaron Gordon,13.551388888888889,2.6930555555555555,6.213888888888889,0.725,0.6180555555555556,1.4833333333333334,3.1972222222222224,3.213888888888889,29.269444444444446
Marcus Smart,10.606299212598426,4.559055118110236,3.436220472440945,1.5653543307086615,0.3590551181102362,1.8866141732283463,4.87244094488189,2.4299212598425197,29.48976377952756
Kyle Anderson,6.829131652661064,2.7703081232492996,4.295518207282913,0.9789915966386554,0.6176470588235294,1.0,1.2002801120448179,1.4971988795518207,21.462184873949578
Dwight Powell,6.7432624113475175,1.0382978723404255,4.24822695035461,0.5900709219858156,0.43829787234042555,0.6609929078014184,0.5985815602836879,2.1304964539007094,17.822695035460992
Julius Randle,19.038028169014083,3.816901408450704,9.143661971830985,0.6845070422535211,0.4,2.808450704225352,3.5816901408450703,5.374647887323944,32.02535211267605
Andrew Wiggins,18.497389033942557,2.2911227154046996,4.471279373368146,0.9686684073107049,0.6762402088772846,1.860313315926893,4.202349869451697,4.493472584856397,33.79634464751958
Joel Embiid,27.70575221238938,3.668141592920354,11.033185840707965,0.9092920353982301,1.6327433628318584,3.422566371681416,3.4690265486725664,10.039823008849558,31.873893805309734
Danté Exum,6.221875,2.275,1.946875,0.421875,0.1625,1.184375,2.2125,1.14375,18.765625
Dario Šarić,10.371196754563895,1.9066937119675456,5.32657200811359,0.563894523326572,0.19675456389452334,1.462474645030426,3.5922920892494927,1.9939148073022313,22.470588235294116
Clint Capela,11.978915662650602,1.0180722891566265,10.519578313253012,0.677710843373494,1.4322289156626506,1.0602409638554218,0.009036144578313253,2.805722891566265,26.20933734939759
Bogdan Bogdanović,14.260437375745527,3.21272365805169,3.337972166998012,1.0039761431411531,0.2544731610337972,1.4294234592445327,6.4095427435387675,1.7157057654075547,28.427435387673956
Jusuf Nurkić,11.849152542372881,2.488135593220339,8.845762711864406,0.9084745762711864,1.0966101694915253,2.1372881355932205,0.7661016949152543,3.51864406779661,24.316949152542374
Vasilije Micić,6.841584158415841,3.8613861386138613,1.7524752475247525,0.45544554455445546,0.06930693069306931,1.7425742574257426,2.762376237623762,1.1485148514851484,19.405940594059405
Nikola Jokić,21.758389261744966,7.225503355704698,10.92751677852349,1.2738255033557047,0.7194630872483222,2.9208053691275166,3.0389261744966443,4.76510067114094,31.738255033557046
Kristaps Porziņģis,19.63872255489022,1.8223552894211577,7.7604790419161676,0.7285429141716567,1.81437125748503,1.6666666666666667,5.1836327345309385,4.772455089820359,30.746506986027946
Joe Ingles,7.914246196403873,3.5809128630705396,3.035961272475795,0.8603042876901799,0.1396957123098202,1.4633471645919778,4.15076071922545,0.8201936376210235,24.18118948824343
T.J. McConnell,7.643059490084986,5.01699716713881,2.909348441926346,1.2025495750708215,0.18838526912181303,1.594900849858357,0.7053824362606232,0.7464589235127479,21.137393767705383
Tyus Jones,7.696480938416422,4.431085043988269,2.0146627565982405,0.9780058651026393,0.09530791788856305,0.8167155425219942,2.687683284457478,0.8768328445747801,21.14956011730205
Delon Wright,6.671532846715328,2.9854014598540144,3.010948905109489,1.1952554744525548,0.34306569343065696,0.8704379562043796,1.895985401459854,1.416058394160584,20.39051094890511
D'Angelo Russell,17.278219395866454,5.701112877583466,3.3640699523052464,1.0588235294117647,0.32909379968203495,2.616852146263911,6.869634340222576,2.9491255961844196,29.80127186009539
Karl-Anthony Towns,23.069767441860463,3.158139534883721,11.063565891472868,0.8108527131782945,1.1953488372093024,2.705426356589147,4.325581395348837,5.263565891472868,34.06201550387597
Richaun Holmes,8.515337423312884,0.9795501022494888,5.329243353783231,0.49693251533742333,0.918200408997955,0.8302658486707567,0.3721881390593047,1.8650306748466257,19.134969325153374
Kelly Oubre Jr.,13.276335877862595,1.1404580152671755,4.629007633587786,1.047328244274809,0.49770992366412214,1.1114503816793893,4.6183206106870225,2.8427480916030534,27.08854961832061
Devin Booker,24.445765230312034,5.233283803863299,4.038632986627043,0.8573551263001485,0.2823179791976226,3.023774145616642,5.979197622585438,6.0059435364041605,34.39524517087667
Cameron Payne,7.763102725366877,3.20125786163522,1.9937106918238994,0.6331236897274634,0.20545073375262055,1.1048218029350105,3.1153039832285114,0.8930817610062893,17.51781970649895
Myles Turner,14.066978193146417,1.266355140186916,6.774143302180685,0.6853582554517134,2.1993769470404985,1.4158878504672898,3.2523364485981308,3.236760124610592,28.74454828660436
Trey Lyles,7.592307692307692,1.0723076923076924,4.3476923076923075,0.4,0.3523076923076923,0.7953846153846154,2.8676923076923075,1.5461538461538462,18.416923076923077
Bobby Portis,11.954128440366972,1.2996941896024465,7.163608562691132,0.6039755351681957,0.37767584097859325,1.0948012232415902,2.9434250764525993,1.496941896024465,22.793577981651374
Kevon Looney,4.969949916527546,1.5959933222036728,5.66110183639399,0.5075125208681135,0.5375626043405676,0.5843071786310517,0.10851419031719532,1.2320534223706177,17.208681135225376
Terry Rozier,13.912781954887219,3.5142857142857142,3.924812030075188,0.9233082706766917,0.24661654135338346,1.348872180451128,5.646616541353383,2.123308270676692,27.60751879699248
Norman Powell,13.220421393841168,1.5251215559157212,2.6709886547811994,0.8217179902755267,0.2625607779578606,1.252836304700162,4.309562398703403,2.7504051863857373,24.212317666126417
Pat Connaughton,6.015126050420168,1.3932773109243697,3.4,0.4756302521008403,0.2672268907563025,0.5529411764705883,3.215126050420168,0.6084033613445378,19.225210084033613
Josh Richardson,11.518050541516246,2.6407942238267146,3.0415162454873648,1.0216606498194947,0.5361010830324909,1.3212996389891696,4.34115523465704,1.8212996389891696,28.545126353790614
Larry Nance Jr.,7.6996336996337,1.8626373626373627,6.119047619047619,1.1373626373626373,0.4908424908424908,0.9230769230769231,1.249084249084249,1.3388278388278387,23.053113553113555
Royce O'Neale,7.073333333333333,2.3933333333333335,4.788333333333333,0.805,0.43833333333333335,1.0,4.006666666666667,0.675,26.19333333333333
Ben Simmons,13.109660574412533,7.190600522193211,7.415143603133159,1.483028720626632,0.6657963446475196,3.0052219321148823,0.09399477806788512,3.8093994778067883,31.093994778067884
Domantas Sabonis,16.10061919504644,4.894736842105263,10.65015479876161,0.7678018575851393,0.45975232198142413,2.5727554179566563,1.3823529411764706,4.148606811145511,30.80185758513932
Malik Beasley,11.657439446366782,1.3650519031141868,2.7889273356401385,0.6695501730103807,0.11591695501730104,0.8200692041522492,6.427335640138408,0.9602076124567474,23.768166089965398
Kris Dunn,7.656019656019656,3.972972972972973,3.329238329238329,1.4668304668304668,0.4201474201474201,1.5577395577395576,1.9631449631449631,1.0442260442260443,23.334152334152336
Buddy Hield,15.030812324929972,2.4859943977591037,4.1120448179271705,0.8599439775910365,0.3179271708683473,1.6176470588235294,7.502801120448179,1.3571428571428572,28.261904761904763
Brandon Ingram,19.507070707070707,4.303030303030303,5.183838383838384,0.7232323232323232,0.5656565656565656,2.5616161616161617,3.8222222222222224,4.907070707070707,32.95959595959596
Caris LeVert,13.881679389312977,4.017175572519084,3.780534351145038,1.0458015267175573,0.37786259541984735,1.751908396946565,4.307251908396947,2.8797709923664123,27.767175572519083
Dejounte Murray,15.512922465208748,5.403578528827038,5.815109343936382,1.4731610337972167,0.27634194831013914,2.10934393638171,3.530815109343936,2.4831013916500995,29.314115308151095
Jamal Murray,17.953358208955223,4.6809701492537314,3.764925373134328,1.0111940298507462,0.3675373134328358,2.0261194029850746,5.604477611940299,2.9477611940298507,31.33768656716418
Jakob Poeltl,8.926050420168067,1.8201680672268907,6.979831932773109,0.6403361344537815,1.2722689075630251,1.2117647058823529,0.011764705882352941,1.8521008403361345,22.38487394957983
Taurean Prince,9.871134020618557,1.7268041237113403,3.5927835051546393,0.8161512027491409,0.3848797250859107,1.379725085910653,4.422680412371134,1.4261168384879725,24.74742268041237
Jaylen Brown,18.965174129353233,2.6351575456053067,5.320066334991708,1.0149253731343284,0.3781094527363184,2.1177446102819237,5.2802653399668324,3.8739635157545607,30.620232172470978
Malcolm Brogdon,15.285097192224622,4.65658747300216,4.140388768898488,0.7991360691144709,0.23326133909287258,1.7041036717062634,4.190064794816415,2.775377969762419,29.114470842332615
Georges Niang,7.4375,0.9816176470588235,2.488970588235294,0.3235294117647059,0.14338235294117646,0.6966911764705882,4.069852941176471,0.5459558823529411,17.454044117647058
Gary Payton II,5.485185185185185,1.1555555555555554,2.825925925925926,0.9666666666666667,0.28888888888888886,0.5962962962962963,1.4148148148148147,0.562962962962963,14.925925925925926
Pascal Siakam,18.004769475357712,3.5945945945945947,6.650238473767885,0.904610492845787,0.5945945945945946,1.7996820349761526,3.2416534181240064,4.104928457869635,31.21939586645469
Ivica Zubac,10.193493150684931,1.3595890410958904,8.11986301369863,0.3732876712328767,0.9845890410958904,1.207191780821918,0.02054794520547945,2.4486301369863015,23.0
Dorian Finney-Smith,8.306260575296108,1.4399323181049068,4.521150592216582,0.8206429780033841,0.44839255499153974,0.8697123519458545,4.297800338409475,0.949238578680203,27.95431472081218
Fred VanVleet,14.916363636363636,5.674545454545455,3.4254545454545453,1.3763636363636365,0.46,1.6545454545454545,6.783636363636363,2.7236363636363636,31.26
Derrick Jones Jr.,7.223340040241449,0.7364185110663984,3.2796780684104627,0.6941649899396378,0.6317907444668008,0.6257545271629779,1.9859154929577465,1.6277665995975854,20.293762575452718
Alex Caruso,6.851318944844125,2.824940047961631,2.8800959232613907,1.3357314148681054,0.5107913669064749,1.1654676258992807,2.709832134292566,1.3357314148681054,22.270983213429258
Markelle Fultz,10.415686274509804,4.356862745098039,3.203921568627451,1.1215686274509804,0.27450980392156865,1.768627450980392,1.1607843137254903,1.7411764705882353,24.007843137254902
De'Aaron Fox,21.46704331450094,6.143126177024482,3.92090395480226,1.423728813559322,0.416195856873823,2.7288135593220337,4.645951035781544,5.4613935969868175,33.258003766478346
Jayson Tatum,23.562393162393164,3.8341880341880343,7.338461538461538,1.0923076923076922,0.6564102564102564,2.3743589743589744,7.147008547008547,5.413675213675214,34.5025641025641
Malik Monk,12.321223709369026,3.1682600382409176,2.632887189292543,0.6061185468451242,0.3326959847036329,1.6137667304015297,5.124282982791587,1.9483747609942639,22.835564053537286
Jonathan Isaac,7.5978260869565215,0.8043478260869565,4.923913043478261,0.9528985507246377,1.3043478260869565,0.7789855072463768,2.4782608695652173,1.576086956521739,20.434782608695652
Lauri Markkanen,18.22222222222222,1.46,7.113333333333333,0.6977777777777778,0.49333333333333335,1.3888888888888888,6.833333333333333,3.6133333333333333,31.013333333333332
Donovan Mitchell,24.712430426716143,4.6938775510204085,4.311688311688312,1.37291280148423,0.3209647495361781,2.684601113172542,8.198515769944342,4.99443413729128,33.84786641929499
Luke Kennard,9.819565217391304,2.2717391304347827,2.8282608695652174,0.5413043478260869,0.12173913043478261,0.9760869565217392,4.482608695652174,1.0021739130434784,23.38695652173913
Zach Collins,7.970899470899471,1.812169312169312,4.833333333333333,0.42328042328042326,0.6746031746031746,1.3624338624338623,1.9259259259259258,1.6481481481481481,18.87830687830688
John Collins,16.002118644067796,1.4766949152542372,8.061440677966102,0.6101694915254238,1.0127118644067796,1.5338983050847457,2.8728813559322033,3.1822033898305087,29.10593220338983
OG Anunoby,12.871951219512194,1.6890243902439024,4.357723577235772,1.2947154471544715,0.5873983739837398,1.3191056910569106,4.6727642276422765,1.886178861788618,30.191056910569106
Jarrett Allen,12.830985915492958,1.6690140845070423,9.223591549295774,0.653169014084507,1.2376760563380282,1.3503521126760563,0.20422535211267606,3.573943661971831,28.204225352112676
Bam Adebayo,15.737213403880071,3.6049382716049383,8.860670194003527,1.0705467372134039,0.8624338624338624,2.1481481481481484,0.5731922398589065,4.582010582010582,30.606701940035272
Isaiah Hartenstein,6.8179419525065965,1.9973614775725594,6.3931398416886545,0.7176781002638523,0.9261213720316622,1.087071240105541,0.2796833773087071,1.5567282321899736,19.46174142480211
Kyle Kuzma,17.024029574861366,2.6728280961182995,6.308687615526802,0.5619223659889094,0.5194085027726433,2.1700554528650646,5.7800369685767095,2.9722735674676524,31.155268022181147
Derrick White,12.95344129554656,4.180161943319838,3.659919028340081,0.819838056680162,0.902834008097166,1.4048582995951417,5.182186234817814,2.445344129554656,28.5
Josh Hart,10.326415094339623,3.1849056603773587,6.992452830188679,1.0471698113207548,0.330188679245283,1.3886792452830188,3.5943396226415096,2.047169811320755,30.430188679245283
Dillon Brooks,14.166666666666666,1.9959349593495934,3.2398373983739837,0.9126016260162602,0.25203252032520324,1.4308943089430894,5.109756097560975,2.2804878048780486,29.475609756097562
Thomas Bryant,8.882882882882884,0.978978978978979,5.111111111111111,0.34534534534534533,0.7027027027027027,0.7027027027027027,1.4774774774774775,1.6906906906906907,17.75075075075075
Monté Morris,9.476190476190476,3.5952380952380953,2.354761904761905,0.7214285714285714,0.1738095238095238,0.7285714285714285,2.876190476190476,1.111904761904762,23.357142857142858
Luke Kornet,5.220963172804533,1.0821529745042493,3.4702549575070822,0.34277620396600567,0.8413597733711048,0.38243626062322944,1.3059490084985836,0.8130311614730878,14.923512747875353
Chris Boucher,8.874692874692874,0.49385749385749383,5.12039312039312,0.48402948402948404,0.9434889434889435,0.542997542997543,2.692874692874693,2.1228501228501226,17.72972972972973
Daniel Theis,7.065693430656935,1.2506082725060828,4.7177615571776155,0.46228710462287104,0.8248175182481752,0.7907542579075426,1.4574209245742094,1.3430656934306568,18.81265206812652
Maxi Kleber,6.411363636363636,1.1545454545454545,4.3954545454545455,0.4068181818181818,0.8590909090909091,0.675,3.147727272727273,0.9863636363636363,22.331818181818182
Torrey Craig,5.888646288209607,1.039301310043668,3.9344978165938866,0.5109170305676856,0.5567685589519651,0.6419213973799127,2.611353711790393,0.6724890829694323,19.46069868995633
Grayson Allen,10.54590570719603,2.0148883374689825,3.0173697270471465,0.7270471464019851,0.27791563275434245,0.9900744416873449,5.121588089330025,1.630272952853598,25.379652605459057
Marvin Bagley III,12.038062283737025,0.8754325259515571,6.536332179930795,0.44982698961937717,0.6262975778546713,1.1453287197231834,1.491349480968858,2.7577854671280275,22.380622837370243
Mo Bamba,6.760989010989011,0.8406593406593407,5.43956043956044,0.3626373626373626,1.2637362637362637,0.7884615384615384,2.2472527472527473,1.0631868131868132,16.79945054945055
Mikal Bridges,14.755395683453237,2.7284172661870505,3.9694244604316546,1.169064748201439,0.5701438848920863,1.2428057553956835,4.732014388489208,2.366906474820144,33.298561151079134
Miles Bridges,15.665094339622641,2.67688679245283,6.195754716981132,0.7594339622641509,0.6933962264150944,1.5919811320754718,5.0825471698113205,2.6391509433962264,30.82547169811321
Bruce Brown,8.851203501094092,2.4442013129102844,4.2210065645514225,0.9146608315098468,0.487964989059081,1.1028446389496718,1.8402625820568927,1.7155361050328228,24.89059080962801
Jalen Brunson,18.1129363449692,5.028747433264887,3.1806981519507187,0.7207392197125256,0.09856262833675565,1.7453798767967146,4.102669404517454,3.893223819301848,29.240246406570844
Jevon Carter,5.206310679611651,1.5800970873786409,1.6674757281553398,0.587378640776699,0.24029126213592233,0.5825242718446602,3.0218446601941746,0.33737864077669905,15.240291262135923
Wendell Carter Jr.,11.91906005221932,1.9973890339425588,8.284595300261097,0.6449086161879896,0.7336814621409922,1.5221932114882506,2.297650130548303,3.0130548302872064,27.27415143603133
Donte DiVincenzo,10.742788461538462,2.8822115384615383,4.2860576923076925,1.1899038461538463,0.2692307692307692,1.4326923076923077,5.805288461538462,1.2019230769230769,25.509615384615383
Bruno Fernando,3.963636363636364,0.7318181818181818,3.2363636363636363,0.2636363636363636,0.4636363636363636,0.7272727272727273,0.22272727272727272,1.1409090909090909,10.568181818181818
Shai Gilgeous-Alexander,24.445887445887447,5.112554112554113,4.785714285714286,1.4415584415584415,0.8008658008658008,2.3203463203463204,3.742424242424242,7.01948051948052,33.095238095238095
Aaron Holiday,6.466517857142857,2.0089285714285716,1.5825892857142858,0.5848214285714286,0.17857142857142858,0.8638392857142857,2.497767857142857,0.9464285714285714,16.441964285714285
Kevin Huerter,11.620331950207468,2.933609958506224,3.3983402489626555,0.921161825726141,0.34439834024896265,1.2095435684647302,5.655601659751038,0.9605809128630706,28.147302904564317
Jaren Jackson Jr.,18.471744471744472,1.479115479115479,5.547911547911548,1.0171990171990173,1.9090909090909092,1.8722358722358723,4.933660933660934,4.646191646191646,28.5995085995086
Kevin Knox II,7.25625,0.728125,2.790625,0.378125,0.259375,0.809375,3.128125,1.434375,17.51875
Caleb Martin,8.37620578778135,1.6366559485530547,3.8938906752411575,0.8713826366559485,0.42443729903536975,1.0,2.855305466237942,1.5691318327974277,24.305466237942124
Cody Martin,6.1505791505791505,2.2393822393822393,3.7104247104247103,0.9884169884169884,0.4015444015444015,0.9343629343629344,2.1042471042471043,1.22007722007722,21.91891891891892
De'Anthony Melton,9.075842696629213,2.7752808988764044,3.696629213483146,1.4101123595505618,0.48314606741573035,1.3707865168539326,4.129213483146067,1.3876404494382022,22.884831460674157
Shake Milton,8.075208913649025,2.384401114206128,2.181058495821727,0.4568245125348189,0.20334261838440112,1.0167130919220055,2.32033426183844,1.5181058495821727,18.657381615598887
Svi Mykhailiuk,6.552870090634441,1.3957703927492446,1.7794561933534743,0.5347432024169184,0.09969788519637462,0.8761329305135952,3.7220543806646527,0.7854984894259819,16.274924471299094
Josh Okogie,6.3485576923076925,1.1538461538461537,2.956730769230769,0.9326923076923077,0.4206730769230769,0.8317307692307693,2.1802884615384617,2.141826923076923,19.115384615384617
Michael Porter Jr.,16.223188405797103,1.4057971014492754,6.402898550724638,0.5971014492753624,0.5826086956521739,1.1652173913043478,6.011594202898551,1.8521739130434782,29.089855072463767
Mitchell Robinson,7.821958456973293,0.629080118694362,7.830860534124629,0.9080118694362018,1.8397626112759644,0.6943620178041543,0.0,2.148367952522255,24.0919881305638
Collin Sexton,18.815724815724817,3.697788697788698,2.810810810810811,0.7788697788697788,0.13022113022113022,2.3366093366093366,3.8771498771498774,4.334152334152334,29.86977886977887
Landry Shamet,8.324120603015075,1.5,1.6633165829145728,0.47738693467336685,0.1407035175879397,0.6633165829145728,4.701005025125628,1.1130653266331658,21.07537688442211
Anfernee Simons,15.005141388174808,3.2519280205655527,2.501285347043702,0.5141388174807198,0.12339331619537275,1.6118251928020566,6.526992287917738,2.138817480719794,26.784061696658096
Gary Trent Jr.,13.730120481927711,1.4433734939759035,2.3686746987951808,1.1566265060240963,0.18072289156626506,0.6867469879518072,6.2626506024096384,1.819277108433735,28.185542168674697
Jarred Vanderbilt,5.851132686084142,1.4110032362459546,6.233009708737864,1.0550161812297734,0.42071197411003236,0.9546925566343042,0.5501618122977346,1.4757281553398058,19.990291262135923
Moritz Wagner,9.168044077134986,1.209366391184573,3.955922865013774,0.509641873278237,0.3002754820936639,1.1515151515151516,2.209366391184573,2.369146005509642,16.669421487603305
Lonnie Walker IV,9.994152046783626,1.5146198830409356,2.3128654970760234,0.5380116959064327,0.2719298245614035,0.8947368421052632,4.081871345029239,1.4152046783625731,20.54093567251462
P.J. Washington,13.13076923076923,2.2512820512820513,5.851282051282051,0.9692307692307692,0.9794871794871794,1.6076923076923078,4.874358974358974,2.253846153846154,30.55128205128205
Kenrich Williams,6.368286445012788,1.7774936061381075,4.115089514066496,0.7595907928388747,0.2557544757033248,0.7237851662404092,2.3964194373401533,0.6521739130434783,19.88746803069054
Trae Young,25.300207039337476,9.830227743271221,3.4927536231884058,1.0455486542443064,0.15320910973084886,4.246376811594203,7.511387163561077,7.616977225672878,34.4120082815735
Deandre Ayton,16.43718592964824,1.6306532663316582,10.469849246231156,0.7336683417085427,0.9547738693467337,1.728643216080402,0.3065326633165829,2.341708542713568,30.829145728643216
Luka Dončić,28.61777777777778,8.222222222222221,8.624444444444444,1.2355555555555555,0.45111111111111113,3.948888888888889,8.751111111111111,8.231111111111112,34.913333333333334
Goga Bitadze,5.429467084639499,1.1598746081504703,4.1347962382445145,0.42946708463949845,1.0501567398119123,0.7178683385579937,0.8432601880877743,1.4106583072100314,14.432601880877742
Oshae Brissett,6.5665236051502145,0.8111587982832618,3.8583690987124464,0.5278969957081545,0.31759656652360513,0.5708154506437768,2.3948497854077253,2.0643776824034337,17.48068669527897
Robert Williams III,7.195744680851064,1.3829787234042554,6.821276595744681,0.7319148936170212,1.651063829787234,0.8680851063829788,0.029787234042553193,1.1872340425531915,20.22553191489362
Rui Hachimura,12.813056379821958,1.3026706231454006,4.86053412462908,0.6201780415430267,0.2997032640949555,0.8961424332344213,2.9258160237388724,2.1750741839762613,27.729970326409497
Jock Landale,5.407239819004525,0.9728506787330317,3.2895927601809953,0.2669683257918552,0.3936651583710407,0.6425339366515838,1.081447963800905,1.1357466063348416,12.805429864253394
Duncan Robinson,11.342789598108746,1.8368794326241136,2.631205673758865,0.5319148936170213,0.1773049645390071,1.0023640661938533,7.153664302600473,0.9196217494089834,26.03309692671395
Jordan McLaughlin,4.069444444444445,2.8020833333333335,1.4409722222222223,0.78125,0.1111111111111111,0.6527777777777778,1.6180555555555556,0.5798611111111112,14.059027777777779
Gabe Vincent,7.158273381294964,2.0467625899280577,1.5575539568345325,0.7553956834532374,0.11510791366906475,0.9748201438848921,4.266187050359712,0.6402877697841727,20.971223021582734
Drew Eubanks,5.682291666666667,0.9609375,4.447916666666667,0.3515625,0.8151041666666666,0.84375,0.13802083333333334,1.46875,15.322916666666666
Haywood Highsmith,5.371559633027523,1.0688073394495412,3.123853211009174,0.7339449541284404,0.39908256880733944,0.6284403669724771,2.6009174311926606,0.5229357798165137,19.98165137614679
Amir Coffey,6.65015479876161,1.13312693498452,1.91640866873065,0.43653250773993807,0.13312693498452013,0.5170278637770898,2.476780185758514,1.328173374613003,18.43343653250774
DaQuan Jeffries,4.576576576576577,0.7927927927927928,2.081081081081081,0.40540540540540543,0.3333333333333333,0.4864864864864865,2.3423423423423424,0.4144144144144144,15.855855855855856
Terance Mann,8.08495145631068,1.9174757281553398,3.5218446601941746,0.5509708737864077,0.220873786407767,0.7694174757281553,2.145631067961165,1.3737864077669903,22.089805825242717
Andrew Nembhard,9.557692307692308,4.552884615384615,2.673076923076923,1.0192307692307692,0.14423076923076922,1.6298076923076923,2.9278846153846154,1.2211538461538463,27.16346153846154
Jalen Pickett,3.1842105263157894,1.6842105263157894,1.118421052631579,0.3026315789473684,0.06578947368421052,0.4342105263157895,1.6578947368421053,0.15789473684210525,10.368421052631579
Max Strus,10.385113268608414,2.355987055016181,3.4207119741100325,0.5533980582524272,0.2297734627831715,0.9741100323624595,6.233009708737864,0.9644012944983819,25.511326860841425
Bol Bol,6.153465346534653,0.6237623762376238,3.50990099009901,0.2722772277227723,0.7574257425742574,0.8811881188118812,1.4603960396039604,0.905940594059406,13.613861386138614
Zion Williamson,24.66822429906542,4.299065420560748,6.61214953271028,1.0233644859813085,0.6448598130841121,2.8411214953271027,0.45794392523364486,7.897196261682243,31.373831775700936
RJ Barrett,18.844961240310077,3.297157622739018,5.555555555555555,0.6692506459948321,0.27648578811369506,2.2454780361757107,4.795865633074936,4.987080103359173,33.111111111111114
Cam Reddish,8.468503937007874,1.169291338582677,2.6692913385826773,1.0275590551181102,0.3543307086614173,1.0905511811023623,3.3897637795275593,1.8700787401574803,23.133858267716537
Ja Morant,22.612377850162865,7.384364820846906,4.716612377850163,1.0260586319218241,0.28013029315960913,3.3778501628664497,4.273615635179153,6.4332247557003255,31.925081433224754
De'Andre Hunter,14.79816513761468,1.5198776758409787,4.085626911314985,0.6850152905198776,0.2966360856269113,1.3700305810397553,4.807339449541284,3.217125382262997,30.027522935779817
Coby White,15.177725118483412,3.8341232227488153,3.646919431279621,0.6919431279620853,0.17061611374407584,1.7819905213270142,6.319905213270142,2.367298578199052,29.777251184834125
Brandon Clarke,10.214983713355048,1.3322475570032573,5.482084690553746,0.7231270358306189,0.8013029315960912,0.7198697068403909,0.6254071661237784,1.9087947882736156,20.820846905537458
Darius Garland,18.858638743455497,6.696335078534031,2.657068062827225,1.1701570680628273,0.11518324607329843,2.950261780104712,6.054973821989528,3.130890052356021,33.225130890052355
Jaxson Hayes,6.795640326975477,0.7057220708446866,3.931880108991826,0.4604904632152589,0.6730245231607629,0.7166212534059946,0.3133514986376022,2.0735694822888284,16.40326975476839
Nickeil Alexander-Walker,8.551181102362206,2.3149606299212597,2.4881889763779528,0.6719160104986877,0.3937007874015748,1.1706036745406825,4.078740157480315,1.194225721784777,20.84514435695538
Tyler Herro,19.354570637119114,4.044321329639889,4.991689750692521,0.7285318559556787,0.19390581717451524,2.2465373961218837,7.130193905817174,2.925207756232687,32.578947368421055
Keldon Johnson,15.57027027027027,2.154054054054054,5.383783783783784,0.6972972972972973,0.25135135135135134,1.335135135135135,4.45945945945946,3.2864864864864867,28.645945945945947
Chuma Okeke,6.2727272727272725,1.4696969696969697,3.792929292929293,0.898989898989899,0.43434343434343436,0.6616161616161617,3.5757575757575757,0.6868686868686869,20.338383838383837
Charles Bassey,4.31858407079646,0.8230088495575221,4.274336283185841,0.3805309734513274,0.8584070796460177,0.7699115044247787,0.11504424778761062,0.7787610619469026,11.11504424778761
Moses Brown,5.263803680981595,0.15337423312883436,4.914110429447852,0.3312883435582822,0.5460122699386503,0.6319018404907976,0.0,1.9631901840490797,11.717791411042946
Nic Claxton,10.334405144694534,1.720257234726688,7.707395498392283,0.7106109324758842,1.7170418006430868,1.0964630225080385,0.12861736334405144,2.4887459807073955,25.79742765273312
Luguentz Dort,12.236914600550964,1.6115702479338843,3.8650137741046833,0.9586776859504132,0.4132231404958678,1.118457300275482,5.6170798898071626,2.391184573002755,29.25619834710744
Daniel Gafford,9.251322751322752,1.0502645502645502,5.626984126984127,0.5026455026455027,1.5449735449735449,0.9523809523809523,0.0026455026455026454,2.3253968253968256,19.812169312169313
Quentin Grimes,10.390946502057613,2.0082304526748973,3.074074074074074,0.7695473251028807,0.2716049382716049,1.0946502057613168,5.172839506172839,1.5473251028806585,24.46502057613169
Talen Horton-Tucker,9.20983606557377,2.7934426229508196,2.622950819672131,0.7770491803278688,0.36065573770491804,1.3901639344262295,2.7311475409836063,2.0754098360655737,19.481967213114753
Cameron Johnson,12.926470588235293,1.9529411764705882,3.947058823529412,0.8294117647058824,0.31176470588235294,0.9176470588235294,5.923529411764706,2.011764705882353,26.53235294117647
Jalen McDaniels,6.742063492063492,1.1587301587301588,3.2896825396825395,0.6547619047619048,0.3333333333333333,0.8531746031746031,2.142857142857143,1.3015873015873016,18.055555555555557
Jaylen Nowell,8.853658536585366,1.853658536585366,2.1707317073170733,0.48292682926829267,0.16585365853658537,0.7170731707317073,3.0439024390243903,1.3804878048780487,17.160975609756097
Jordan Poole,16.849514563106798,3.766990291262136,2.6941747572815533,0.8640776699029126,0.279126213592233,2.320388349514563,7.145631067961165,3.4271844660194173,27.546116504854368
Neemias Queta,4.736363636363636,0.6545454545454545,3.6363636363636362,0.2909090909090909,0.6636363636363637,0.5454545454545454,0.02727272727272727,0.9818181818181818,12.218181818181819
Naz Reid,11.573891625615763,1.3349753694581281,4.884236453201971,0.6305418719211823,0.9039408866995073,1.1921182266009853,3.7536945812807883,1.935960591133005,20.866995073891626
Matisse Thybulle,4.893371757925072,1.1181556195965419,2.0461095100864553,1.5619596541786744,0.8040345821325648,0.5734870317002881,2.510086455331412,0.5014409221902018,20.95100864553314
Grant Williams,7.168421052631579,1.4526315789473685,3.6657894736842107,0.5342105263157895,0.5263157894736842,1.018421052631579,3.1157894736842104,1.313157894736842,22.91842105263158
John Konchar,4.228013029315961,1.4006514657980456,3.980456026058632,0.7817589576547231,0.40390879478827363,0.498371335504886,1.794788273615635,0.48859934853420195,17.175895765472312
Garrison Mathews,6.487261146496815,0.7101910828025477,1.7611464968152866,0.5222929936305732,0.1910828025477707,0.40764331210191085,3.888535031847134,1.535031847133758,17.46815286624204
Dean Wade,5.236749116607774,1.0035335689045937,3.537102473498233,0.6219081272084805,0.3462897526501767,0.38162544169611307,3.215547703180212,0.5265017667844523,19.487632508833922
Javonte Green,5.319391634980988,0.7110266159695817,3.091254752851711,0.8288973384030418,0.40304182509505704,0.49809885931558934,1.3954372623574145,1.1863117870722433,16.840304182509506
Anthony Edwards,23.876640419947506,4.199475065616798,5.293963254593176,1.3228346456692914,0.6115485564304461,2.884514435695538,7.986876640419948,5.186351706036746,34.811023622047244
LaMelo Ball,21.034632034632036,7.402597402597403,5.96969696969697,1.4718614718614718,0.329004329004329,3.329004329004329,8.372294372294371,3.735930735930736,31.92207792207792
James Wiseman,9.121621621621621,0.7432432432432432,5.608108108108108,0.20270270270270271,0.6891891891891891,1.195945945945946,0.41216216216216217,1.9391891891891893,18.905405405405407
Killian Hayes,8.13888888888889,5.189814814814815,2.949074074074074,1.1527777777777777,0.44907407407407407,1.9768518518518519,2.8703703703703702,1.2268518518518519,26.11111111111111
Deni Avdija,11.267409470752089,2.8077994428969357,6.22841225626741,0.7994428969359332,0.4428969359331476,1.6685236768802227,3.4428969359331476,2.7604456824512535,26.96100278551532
Obi Toppin,8.491712707182321,1.1823204419889504,3.4005524861878453,0.43646408839779005,0.36187845303867405,0.7016574585635359,2.914364640883978,1.1353591160220995,17.23204419889503
Onyeka Okongwu,9.64169381107492,1.283387622149837,6.703583061889251,0.6677524429967426,1.0684039087947883,0.9413680781758957,0.758957654723127,2.263843648208469,22.50814332247557
Tyrese Haliburton,17.543543543543542,8.84984984984985,3.6576576576576576,1.4714714714714714,0.5975975975975976,2.135135135135135,6.558558558558558,2.690690690690691,33.02102102102102
Devin Vassell,14.125412541254125,2.6006600660066006,3.7755775577557755,1.0528052805280528,0.43564356435643564,1.099009900990099,5.514851485148514,1.8844884488448845,27.726072607260726
Isaac Okoro,8.107784431137725,1.6047904191616766,2.784431137724551,0.7874251497005988,0.3772455089820359,0.7874251497005988,2.718562874251497,1.7904191616766467,26.188622754491018
Patrick Williams,9.55072463768116,1.463768115942029,4.079710144927536,0.8442028985507246,0.6884057971014492,1.2971014492753623,3.130434782608696,1.5217391304347827,27.094202898550726
Precious Achiuwa,7.5625,0.978125,5.665625,0.565625,0.653125,0.98125,1.24375,1.70625,19.984375
Aaron Nesmith,8.92361111111111,1.0590277777777777,3.2847222222222223,0.6597222222222222,0.3958333333333333,0.7986111111111112,3.701388888888889,1.4340277777777777,21.44097222222222
Cole Anthony,12.546875,3.821875,4.2875,0.69375,0.421875,1.8625,3.94375,2.765625,24.796875
Tyrese Maxey,19.50314465408805,4.411949685534591,2.993710691823899,0.9119496855345912,0.33647798742138363,1.4119496855345912,5.748427672955975,3.761006289308176,32.034591194968556
Saddiq Bey,14.051369863013699,1.8424657534246576,5.2465753424657535,0.8424657534246576,0.18493150684931506,0.9623287671232876,6.321917808219178,2.8835616438356166,30.147260273972602
Josh Green,6.670103092783505,1.5395189003436427,2.670103092783505,0.7697594501718213,0.15807560137457044,0.9037800687285223,2.429553264604811,1.0,22.0446735395189
Jaden McDaniels,10.33879781420765,1.53551912568306,4.169398907103825,0.912568306010929,0.8360655737704918,1.1366120218579234,3.489071038251366,1.2759562841530054,28.549180327868854
Jalen Smith,8.450184501845019,0.8191881918819188,5.284132841328414,0.26199261992619927,0.6900369003690037,0.7453874538745388,2.5682656826568264,1.6199261992619927,16.11439114391144
Isaiah Stewart,8.570032573289902,1.3257328990228012,7.091205211726384,0.41042345276872966,1.0977198697068404,1.1530944625407167,1.765472312703583,1.6807817589576548,24.563517915309447
Zeke Nnaji,4.195219123505976,0.398406374501992,2.254980079681275,0.32270916334661354,0.46215139442231074,0.4063745019920319,1.1115537848605577,0.9880478087649402,11.97609561752988
Immanuel Quickley,14.018518518518519,3.712962962962963,3.3858024691358026,0.7314814814814815,0.13271604938271606,1.2839506172839505,5.589506172839506,3.074074074074074,25.59567901234568
Paul Reed,4.903846153846154,0.8,3.9461538461538463,0.75,0.7192307692307692,0.6153846153846154,0.40384615384615385,0.7692307692307693,12.546153846153846
Isaiah Joe,7.582554517133956,1.1246105919003115,2.0031152647975077,0.5233644859813084,0.14330218068535824,0.4797507788161994,4.529595015576324,0.8193146417445483,16.934579439252335
Tre Jones,8.36026936026936,4.68013468013468,2.781144781144781,0.8552188552188552,0.11784511784511785,1.0774410774410774,1.5252525252525253,1.5723905723905724,21.693602693602692
Malachi Flynn,5.456221198156682,1.9078341013824884,1.7327188940092166,0.5529953917050692,0.10599078341013825,0.6820276497695853,2.5990783410138247,0.8755760368663594,14.175115207373272
Payton Pritchard,9.086455331412104,2.5446685878962536,2.7435158501440924,0.5331412103746398,0.1037463976945245,0.8011527377521613,4.769452449567724,0.6397694524495677,20.195965417867434
Lamar Stevens,5.554545454545455,0.6272727272727273,2.8727272727272726,0.4681818181818182,0.3409090909090909,0.5681818181818182,1.1727272727272726,1.1272727272727272,15.218181818181819
Nick Richards,7.307392996108949,0.6070038910505836,5.906614785992218,0.23346303501945526,0.8599221789883269,0.933852140077821,0.019455252918287938,2.2412451361867705,18.140077821011673
Xavier Tillman,5.342307692307692,1.2192307692307693,3.7615384615384615,0.8192307692307692,0.4846153846153846,0.6576923076923077,0.9307692307692308,1.0269230769230768,16.03846153846154
Jared Butler,6.6891891891891895,2.8175675675675675,1.4662162162162162,0.6283783783783784,0.19594594594594594,1.135135135135135,2.358108108108108,0.9662162162162162,13.817567567567568
Desmond Bane,17.82747603833866,3.7667731629392973,4.594249201277956,0.9968051118210862,0.3738019169329074,1.843450479233227,6.322683706070287,2.4536741214057507,29.629392971246006
Mason Jones,4.411764705882353,1.2156862745098038,1.5490196078431373,0.19607843137254902,0.0392156862745098,0.6470588235294118,1.6666666666666667,1.6862745098039216,8.980392156862745
Jalen Green,20.107491856677523,3.3550488599348536,4.267100977198697,0.7817589576547231,0.2964169381107492,2.3745928338762217,7.420195439739413,4.517915309446254,32.697068403908794
Daishen Nix,3.3434343434343434,1.8282828282828283,1.393939393939394,0.5151515151515151,0.0707070707070707,1.2222222222222223,1.8585858585858586,0.7474747474747475,12.505050505050505
Jonathan Kuminga,12.5,1.7674418604651163,4.01937984496124,0.6395348837209303,0.4263565891472868,1.4031007751937985,2.368217054263566,3.3410852713178296,21.984496124031008
Naji Marshall,8.819397993311037,2.25752508361204,3.802675585284281,0.7759197324414716,0.18394648829431437,1.1973244147157192,2.588628762541806,1.9698996655518395,21.414715719063544
KJ Martin,8.58252427184466,1.2006472491909386,4.035598705501618,0.46601941747572817,0.4692556634304207,0.7928802588996764,1.831715210355987,1.6731391585760518,21.598705501618124
Sam Merrill,6.5491329479768785,1.4219653179190752,1.8670520231213872,0.48554913294797686,0.10982658959537572,0.3815028901734104,4.682080924855492,0.3872832369942196,16.294797687861273
Trevelin Queen,4.129032258064516,1.064516129032258,1.7258064516129032,0.7258064516129032,0.3387096774193548,0.6935483870967742,2.1451612903225805,0.6774193548387096,11.919354838709678
Ayo Dosunmu,10.236559139784946,3.2688172043010755,2.9068100358422937,0.8351254480286738,0.3906810035842294,1.3584229390681004,3.078853046594982,1.2329749103942653,28.003584229390682
Vít Krejčí,5.579710144927536,1.963768115942029,2.427536231884058,0.5289855072463768,0.2971014492753623,0.7536231884057971,2.847826086956522,0.5434782608695652,18.471014492753625
Jae'Sean Tate,8.27364864864865,2.010135135135135,4.141891891891892,0.831081081081081,0.3581081081081081,1.1587837837837838,1.912162162162162,1.6418918918918919,21.60810810810811
Anthony Gill,3.360869565217391,0.5304347826086957,1.7173913043478262,0.19130434782608696,0.17391304347826086,0.3217391304347826,0.6565217391304348,0.9608695652173913,9.434782608695652
Jeff Dowtin Jr.,4.793103448275862,1.6781609195402298,1.3908045977011494,0.5172413793103449,0.19540229885057472,0.3448275862068966,1.3103448275862069,0.6896551724137931,12.977011494252874
Braxton Key,2.918918918918919,0.5405405405405406,1.9189189189189189,0.3783783783783784,0.32432432432432434,0.35135135135135137,0.7297297297297297,0.7837837837837838,7.486486486486487
Pat Spencer,2.2666666666666666,1.1777777777777778,1.1111111111111112,0.3111111111111111,0.06666666666666667,0.4222222222222222,0.5333333333333333,0.3333333333333333,6.111111111111111
Brandon Williams,8.621621621621621,2.527027027027027,1.9594594594594594,0.6621621621621622,0.21621621621621623,1.4054054054054055,2.445945945945946,2.4324324324324325,16.743243243243242
Lindy Waters III,5.166666666666667,0.8205128205128205,1.9102564102564104,0.4166666666666667,0.23717948717948717,0.3076923076923077,3.7115384615384617,0.24358974358974358,13.166666666666666
Matt Ryan,3.7195121951219514,0.45121951219512196,0.9024390243902439,0.17073170731707318,0.024390243902439025,0.35365853658536583,2.426829268292683,0.34146341463414637,9.426829268292684
Jeremiah Robinson-Earl,6.0456852791878175,1.0203045685279188,4.289340101522843,0.5177664974619289,0.18781725888324874,0.6345177664974619,2.431472081218274,0.8477157360406091,17.634517766497463
Brandon Boston,7.489795918367347,1.1972789115646258,2.2244897959183674,0.673469387755102,0.20408163265306123,0.8095238095238095,2.258503401360544,1.5510204081632653,15.959183673469388
Herbert Jones,10.1375,2.470833333333333,3.8125,1.5625,0.7208333333333333,1.3166666666666667,2.8375,2.175,30.229166666666668
Trey Murphy III,13.737051792828685,1.840637450199203,3.8884462151394423,0.8725099601593626,0.46613545816733065,0.852589641434263,6.239043824701195,2.4780876494023905,27.314741035856574
Jaden Springer,2.8727272727272726,0.7727272727272727,1.3818181818181818,0.6090909090909091,0.21818181818181817,0.4909090909090909,0.9181818181818182,0.8,8.790909090909091
Franz Wagner,19.079037800687285,3.6666666666666665,4.838487972508591,1.0171821305841924,0.3436426116838488,1.9278350515463918,4.525773195876289,4.024054982817869,32.29553264604811
Ziaire Williams,8.27699530516432,1.215962441314554,3.1690140845070425,0.6901408450704225,0.25821596244131456,0.9906103286384976,3.896713615023474,1.2910798122065728,21.061032863849764
Ochai Agbaji,7.9054726368159205,1.2338308457711442,2.8805970149253732,0.6019900497512438,0.4427860696517413,0.7910447761194029,3.442786069651741,0.8606965174129353,22.83084577114428
Chris Duarte,7.6158192090395485,1.305084745762712,2.638418079096045,0.615819209039548,0.15254237288135594,0.8926553672316384,3.225988700564972,1.271186440677966,18.259887005649716
Bones Hyland,9.473118279569892,2.6236559139784945,2.1666666666666665,0.6666666666666666,0.23118279569892472,1.2741935483870968,4.78494623655914,1.4838709677419355,17.06451612903226
Miles McBride,6.288135593220339,1.7542372881355932,1.4957627118644068,0.711864406779661,0.13983050847457626,0.4279661016949153,3.305084745762712,0.711864406779661,17.173728813559322
Moses Moody,7.007843137254902,0.8901960784313725,2.235294117647059,0.49411764705882355,0.2823529411764706,0.5686274509803921,3.066666666666667,1.2352941176470589,16.584313725490198
Isaiah Jackson,7.134146341463414,0.7073170731707317,4.25,0.5670731707317073,1.3048780487804879,0.823170731707317,0.2073170731707317,2.1341463414634148,14.865853658536585
Tre Mann,9.430939226519337,2.292817679558011,2.834254143646409,0.8011049723756906,0.16574585635359115,1.2320441988950277,3.9502762430939224,1.1988950276243093,21.303867403314918
Johnny Juzang,7.862745098039215,0.9705882352941176,2.5392156862745097,0.46078431372549017,0.12745098039215685,0.5098039215686274,4.450980392156863,0.696078431372549,18.362745098039216
Day'Ron Sharpe,6.476439790575916,1.2041884816753927,5.649214659685864,0.4712041884816754,0.6963350785340314,1.0732984293193717,0.4083769633507853,1.5340314136125655,14.507853403141361
JT Thor,3.2378378378378376,0.4864864864864865,2.1027027027027025,0.2648648648648649,0.3783783783783784,0.42162162162162165,1.3621621621621622,0.5891891891891892,12.216216216216216
Justin Champagnie,6.1440677966101696,0.7966101694915254,4.101694915254237,0.711864406779661,0.4406779661016949,0.6101694915254238,2.2966101694915255,0.8220338983050848,16.016949152542374
Jalen Johnson,10.994565217391305,2.5543478260869565,6.2771739130434785,0.8913043478260869,0.6467391304347826,1.3967391304347827,2.489130434782609,1.9456521739130435,23.559782608695652
Keon Johnson,8.236024844720497,1.9440993788819876,2.6645962732919255,0.8198757763975155,0.30434782608695654,1.3043478260869565,3.6770186335403725,1.5093167701863355,19.248447204968944
Kessler Edwards,3.6235955056179776,0.6235955056179775,2.191011235955056,0.4044943820224719,0.30337078651685395,0.42134831460674155,1.6685393258426966,0.3146067415730337,12.674157303370787
Corey Kispert,11.058219178082192,1.476027397260274,2.815068493150685,0.4589041095890411,0.2089041095890411,0.9143835616438356,5.184931506849315,1.3527397260273972,25.90068493150685
Davion Mitchell,7.568106312292358,3.3056478405315612,1.7707641196013288,0.6245847176079734,0.19269102990033224,1.1528239202657806,2.9435215946843853,0.8039867109634552,22.096345514950166
Austin Reaves,14.471428571428572,4.271428571428571,3.8107142857142855,0.7464285714285714,0.30714285714285716,1.75,4.764285714285714,3.6464285714285714,30.142857142857142
Cam Thomas,15.13953488372093,2.055813953488372,2.572093023255814,0.5255813953488372,0.15348837209302327,1.413953488372093,4.176744186046512,3.5534883720930233,23.15813953488372
David Duke Jr.,4.2,0.8545454545454545,2.018181818181818,0.4909090909090909,0.14545454545454545,0.5818181818181818,1.1090909090909091,0.7818181818181819,11.89090909090909
Scottie Barnes,17.231884057971016,4.956521739130435,7.481884057971015,1.1992753623188406,0.967391304347826,2.318840579710145,3.597826086956522,3.6739130434782608,34.5036231884058
Luka Garza,4.870967741935484,0.4274193548387097,2.0,0.1774193548387097,0.0967741935483871,0.4032258064516129,1.2580645161290323,1.3951612903225807,7.846774193548387
Trendon Watford,7.857142857142857,1.8755760368663594,3.6451612903225805,0.4930875576036866,0.3271889400921659,1.2027649769585254,1.1889400921658986,1.903225806451613,17.6036866359447
Sandro Mamukelashvili,5.193717277486911,0.9476439790575916,3.1465968586387434,0.27225130890052357,0.2617801047120419,0.4973821989528796,1.968586387434555,0.8952879581151832,11.507853403141361
Sam Hauser,7.3984375,0.88671875,2.86328125,0.43359375,0.23828125,0.33984375,4.85546875,0.18359375,18.47265625
Julian Champagnie,8.578034682080926,1.2947976878612717,3.3757225433526012,0.6647398843930635,0.47398843930635837,0.8208092485549133,4.8497109826589595,1.1734104046242775,21.502890173410403
Alperen Sengun,16.024475524475523,4.055944055944056,8.552447552447552,1.0104895104895104,0.8566433566433567,2.4265734265734267,1.3111888111888113,4.545454545454546,28.321678321678323
Jericho Sims,2.397905759162304,0.5445026178010471,3.9528795811518322,0.23036649214659685,0.4607329842931937,0.5026178010471204,0.005235602094240838,0.4293193717277487,13.523560209424083
Josh Giddey,14.07857142857143,6.082142857142857,7.5,0.8678571428571429,0.5,2.6857142857142855,3.4571428571428573,2.0428571428571427,29.267857142857142
Santi Aldama,9.757446808510638,1.8893617021276596,5.217021276595744,0.6212765957446809,0.6,0.9191489361702128,4.017021276595744,1.5191489361702128,22.634042553191488
Scotty Pippen Jr.,10.037735849056604,4.216981132075472,3.1132075471698113,1.330188679245283,0.3867924528301887,1.849056603773585,2.7735849056603774,2.2169811320754715,21.141509433962263
Jalen Suggs,12.312796208530806,3.308056872037915,3.3270142180094786,1.3412322274881516,0.5971563981042654,2.2322274881516586,4.85781990521327,2.5971563981042656,26.44075829383886
Jalen Wilson,7.89344262295082,1.5573770491803278,3.2868852459016393,0.4180327868852459,0.07377049180327869,0.8032786885245902,3.5737704918032787,1.7295081967213115,22.09016393442623
Cade Cunningham,22.057692307692307,7.355769230769231,5.389423076923077,1.0336538461538463,0.6009615384615384,3.8173076923076925,5.658653846153846,4.110576923076923,33.72115384615385
Evan Mobley,16.401486988847584,2.9144981412639406,8.951672862453531,0.8252788104089219,1.5576208178438662,1.9107806691449813,1.795539033457249,3.836431226765799,32.5092936802974
Aaron Wiggins,8.58029197080292,1.3430656934306568,3.1715328467153285,0.6751824817518248,0.22627737226277372,0.8540145985401459,2.645985401459854,1.1532846715328466,19.99270072992701
Isaiah Mobley,2.608695652173913,0.6086956521739131,1.4782608695652173,0.30434782608695654,0.17391304347826086,0.13043478260869565,0.9130434782608695,0.30434782608695654,7.521739130434782
E.J. Liddell,1.25,0.2,0.7,0.15,0.15,0.2,0.75,0.2,3.75
Gui Santos,3.911392405063291,1.1898734177215189,2.7974683544303796,0.3670886075949367,0.1518987341772152,0.620253164556962,1.6455696202531647,0.7468354430379747,12.063291139240507
D.J. Carton,1.75,0.75,1.0,0.375,0.0,0.625,0.875,0.75,8.5
Dalano Banton,6.773148148148148,1.9537037037037037,2.2314814814814814,0.5416666666666666,0.35648148148148145,1.0833333333333333,2.4212962962962963,1.4490740740740742,14.541666666666666
Jose Alvarado,8.176211453744493,3.145374449339207,2.2246696035242293,1.1938325991189427,0.2026431718061674,1.0881057268722467,3.845814977973568,1.1409691629955947,19.991189427312776
A.J. Lawson,5.156626506024097,0.6385542168674698,1.891566265060241,0.30120481927710846,0.10843373493975904,0.3855421686746988,2.1204819277108435,1.1325301204819278,10.903614457831326
Jay Huff,5.4,0.5368421052631579,1.736842105263158,0.23157894736842105,0.6736842105263158,0.43157894736842106,2.3473684210526318,0.7789473684210526,9.6
Stanley Umude,3.0638297872340425,0.3191489361702128,1.446808510638298,0.2553191489361702,0.2978723404255319,0.3617021276595745,1.4680851063829787,0.8085106382978723,8.404255319148936
Colin Castleton,3.5,0.7380952380952381,3.1904761904761907,0.23809523809523808,0.23809523809523808,0.6190476190476191,0.38095238095238093,1.0476190476190477,11.69047619047619
Terry Taylor,4.622448979591836,0.6428571428571429,2.622448979591837,0.22448979591836735,0.16326530612244897,0.3979591836734694,0.673469387755102,0.6836734693877551,11.948979591836734
Jordan Goodwin,6.24,2.433333333333333,3.8066666666666666,0.9066666666666666,0.36666666666666664,0.9266666666666666,2.1866666666666665,0.9266666666666666,18.06
Micah Potter,3.921875,0.640625,3.625,0.3125,0.328125,0.609375,2.0,0.46875,15.21875
Dru Smith,4.473684210526316,1.5526315789473684,1.9473684210526316,1.0526315789473684,0.34210526315789475,0.6578947368421053,1.736842105263158,0.4473684210526316,14.657894736842104
MarJon Beauchamp,4.118518518518519,0.5703703703703704,1.9111111111111112,0.2814814814814815,0.1111111111111111,0.6444444444444445,1.8222222222222222,0.6296296296296297,10.851851851851851
Dyson Daniels,8.438775510204081,3.2193877551020407,4.454081632653061,1.8214285714285714,0.4642857142857143,1.3826530612244898,2.326530612244898,1.1887755102040816,25.362244897959183
Jaden Hardy,8.123595505617978,1.4325842696629214,1.7359550561797752,0.37640449438202245,0.0898876404494382,1.0674157303370786,3.241573033707865,1.353932584269663,14.634831460674157
Scoot Henderson,13.3203125,5.2421875,3.0625,0.90625,0.203125,3.0390625,4.4140625,3.203125,27.53125
Jaden Ivey,16.116022099447513,4.430939226519337,3.734806629834254,0.8066298342541437,0.3812154696132597,2.850828729281768,4.823204419889502,4.281767955801105,29.939226519337016
Paolo Banchero,22.383838383838384,4.641414141414141,7.05050505050505,0.8434343434343434,0.5757575757575758,2.9444444444444446,4.585858585858586,7.4646464646464645,34.39393939393939
Jabari Smith Jr.,12.981132075471699,1.330188679245283,7.471698113207547,0.5660377358490566,0.8301886792452831,1.1981132075471699,4.943396226415095,2.438679245283019,31.08490566037736
Chet Holmgren,16.105263157894736,2.307017543859649,7.93859649122807,0.6666666666666666,2.289473684210526,1.6403508771929824,4.078947368421052,3.587719298245614,28.850877192982455
Bennedict Mathurin,15.85645933014354,1.7751196172248804,4.473684210526316,0.6220095693779905,0.24401913875598086,1.8373205741626795,3.8851674641148324,4.832535885167464,28.27751196172249
Johnny Davis,3.5267857142857144,0.6339285714285714,1.5625,0.38392857142857145,0.21428571428571427,0.33035714285714285,1.2410714285714286,0.5892857142857143,11.401785714285714
Keegan Murray,13.261802575107296,1.44206008583691,5.570815450643777,0.8626609442060086,0.7296137339055794,0.7896995708154506,6.2703862660944205,1.1888412017167382,32.532188841201716
Shaedon Sharpe,14.315217391304348,2.097826086956522,3.9130434782608696,0.6956521739130435,0.2826086956521739,1.6576086956521738,5.081521739130435,2.532608695652174,27.66304347826087
TyTy Washington Jr.,3.3448275862068964,1.1724137931034482,1.0862068965517242,0.3620689655172414,0.034482758620689655,0.3275862068965517,1.8448275862068966,0.41379310344827586,10.46551724137931
Malaki Branham,8.5,1.7074468085106382,2.021276595744681,0.3776595744680851,0.09042553191489362,1.0691489361702127,3.228723404255319,0.8829787234042553,18.98936170212766
Blake Wesley,4.288461538461538,2.423076923076923,1.5192307692307692,0.5833333333333334,0.1282051282051282,1.1153846153846154,1.0576923076923077,1.1730769230769231,14.282051282051283
Jalen Duren,11.509708737864077,2.092233009708738,10.24757281553398,0.6359223300970874,0.9466019417475728,1.733009708737864,0.02912621359223301,2.8155339805825244,26.606796116504853
Tari Eason,10.316770186335404,1.2298136645962734,6.279503105590062,1.391304347826087,0.7204968944099379,1.15527950310559,2.5217391304347827,1.7515527950310559,22.77639751552795
Nikola Jović,8.672897196261681,2.1588785046728973,3.7663551401869158,0.6542056074766355,0.27102803738317754,1.0467289719626167,3.8130841121495327,1.4299065420560748,21.08411214953271
Max Christie,6.241935483870968,1.2204301075268817,2.553763440860215,0.5,0.2956989247311828,0.7311827956989247,2.6559139784946235,1.1505376344086022,19.263440860215052
Mark Williams,12.264150943396226,1.4056603773584906,8.820754716981131,0.7169811320754716,1.1226415094339623,1.2075471698113207,0.03773584905660377,3.056603773584906,23.650943396226417
Jeremy Sochan,11.369565217391305,2.8206521739130435,6.103260869565218,0.8152173913043478,0.4891304347826087,1.7445652173913044,2.4565217391304346,2.092391304347826,27.25
Wendell Moore Jr.,2.3333333333333335,0.7333333333333333,1.3888888888888888,0.36666666666666664,0.12222222222222222,0.43333333333333335,0.7111111111111111,0.3,8.066666666666666
Jalen Williams,18.144186046511628,4.297674418604651,4.595348837209302,1.3674418604651162,0.586046511627907,1.841860465116279,3.655813953488372,3.3069767441860467,31.325581395348838
Orlando Robinson,4.666666666666667,1.2252252252252251,3.873873873873874,0.32432432432432434,0.32432432432432434,0.7477477477477478,0.6576576576576577,1.135135135135135,13.495495495495495
Patrick Baldwin Jr.,3.6881720430107525,0.46236559139784944,2.021505376344086,0.2903225806451613,0.22580645161290322,0.3763440860215054,2.193548387096774,0.40860215053763443,8.881720430107526
Walker Kessler,9.377551020408163,1.153061224489796,9.224489795918368,0.46938775510204084,2.372448979591837,1.0714285714285714,0.2857142857142857,2.061224489795918,25.183673469387756
Jaylin Williams,5.1030303030303035,1.8545454545454545,4.466666666666667,0.4727272727272727,0.4121212121212121,0.6424242424242425,2.484848484848485,0.7575757575757576,15.727272727272727
JD Davison,1.8888888888888888,0.9444444444444444,0.8888888888888888,0.2222222222222222,0.1111111111111111,0.5277777777777778,0.8888888888888888,0.3611111111111111,5.472222222222222
Bryce McGowens,4.754237288135593,0.9067796610169492,1.6779661016949152,0.3135593220338983,0.13559322033898305,0.652542372881356,1.576271186440678,1.4491525423728813,14.40677966101695
Jamaree Bouyea,2.789473684210526,1.3157894736842106,1.5789473684210527,0.47368421052631576,0.21052631578947367,1.105263157894737,1.0526315789473684,0.42105263157894735,11.947368421052632
Julian Strawther,7.086956521739131,1.1304347826086956,1.7652173913043478,0.48695652173913045,0.2,0.6956521739130435,3.5391304347826087,1.0521739130434782,16.765217391304347
Christian Braun,9.189873417721518,1.6708860759493671,3.7848101265822787,0.7088607594936709,0.3755274261603376,0.7215189873417721,2.042194092827004,1.738396624472574,23.257383966244724
Oscar Tshiebwe,6.045454545454546,0.5,6.2727272727272725,0.6818181818181818,0.09090909090909091,0.45454545454545453,0.0,1.7727272727272727,13.5
Jabari Walker,6.207446808510638,0.7553191489361702,4.5212765957446805,0.4521276595744681,0.21808510638297873,0.6861702127659575,1.4202127659574468,1.5265957446808511,16.319148936170212
Ryan Rollins,5.135802469135802,1.5308641975308641,1.6419753086419753,0.654320987654321,0.25925925925925924,0.9506172839506173,1.6419753086419753,0.8395061728395061,11.839506172839506
Leonard Miller,1.6333333333333333,0.26666666666666666,1.0333333333333334,0.13333333333333333,0.06666666666666667,0.1,0.3333333333333333,0.3333333333333333,2.8
Keon Ellis,6.5359477124183005,1.3790849673202614,2.2483660130718954,1.1568627450980393,0.6078431372549019,0.7124183006535948,3.2745098039215685,0.8366013071895425,19.58823529411765
Josh Minott,2.3118279569892475,0.3333333333333333,0.956989247311828,0.25806451612903225,0.24731182795698925,0.17204301075268819,0.6344086021505376,0.44086021505376344,4.978494623655914
Jaime Jaquez Jr.,10.347517730496454,2.5602836879432624,4.078014184397163,0.9787234042553191,0.24113475177304963,1.475177304964539,2.276595744680851,2.24822695035461,24.68794326241135
Ousmane Dieng,4.293577981651376,1.0458715596330275,2.1743119266055047,0.3577981651376147,0.1743119266055046,0.5779816513761468,2.1926605504587156,0.5045871559633027,12.275229357798166
Jared Rhoden,5.466666666666667,0.7555555555555555,2.488888888888889,0.37777777777777777,0.35555555555555557,0.4222222222222222,2.0,0.8666666666666667,14.866666666666667
Kris Murray,5.061068702290076,1.1297709923664123,3.099236641221374,0.6717557251908397,0.2900763358778626,0.7480916030534351,2.312977099236641,0.8625954198473282,18.229007633587788
Marcus Sasser,7.5078125,2.8828125,1.515625,0.6328125,0.125,1.125,3.0625,0.9140625,16.8828125
Dalen Terry,3.476470588235294,1.1764705882352942,1.611764705882353,0.4823529411764706,0.2235294117647059,0.5470588235294118,1.2058823529411764,0.7823529411764706,11.064705882352941
Jacob Toppin,1.3846153846153846,0.34615384615384615,0.8461538461538461,0.07692307692307693,0.038461538461538464,0.15384615384615385,0.5384615384615384,0.07692307692307693,4.346153846153846
Peyton Watson,6.771929824561403,1.1169590643274854,3.087719298245614,0.5380116959064327,1.1228070175438596,0.7134502923976608,1.7660818713450293,1.5380116959064327,19.46783625730994
Alondes Williams,1.1111111111111112,0.1111111111111111,0.2222222222222222,0.0,0.1111111111111111,0.4444444444444444,0.5555555555555556,0.1111111111111111,2.6666666666666665
Caleb Houstan,4.0773809523809526,0.5595238095238095,1.5357142857142858,0.2916666666666667,0.10119047619047619,0.27976190476190477,2.9107142857142856,0.3630952380952381,14.375
Moussa Diabaté,4.721153846153846,0.6153846153846154,4.923076923076923,0.5576923076923077,0.47115384615384615,0.6923076923076923,0.07692307692307693,1.4038461538461537,14.423076923076923
Trayce Jackson-Davis,7.2846153846153845,1.4307692307692308,5.015384615384615,0.4,0.8769230769230769,0.7230769230769231,0.03076923076923077,1.8,16.130769230769232
Collin Gillespie,4.9298245614035086,1.8421052631578947,1.736842105263158,0.5964912280701754,0.08771929824561403,0.543859649122807,2.245614035087719,0.5964912280701754,12.035087719298245
Jake LaRavia,6.926470588235294,1.7426470588235294,3.3088235294117645,0.7573529411764706,0.2867647058823529,1.0955882352941178,2.713235294117647,1.713235294117647,18.889705882352942
David Roddy,6.214285714285714,1.0357142857142858,2.9047619047619047,0.4166666666666667,0.23214285714285715,0.8095238095238095,2.6011904761904763,0.9464285714285714,16.93452380952381
Dominick Barlow,4.1875,0.8229166666666666,3.125,0.3229166666666667,0.5104166666666666,0.3020833333333333,0.4166666666666667,1.0416666666666667,12.520833333333334
Mouhamed Gueye,5.666666666666667,0.7948717948717948,4.128205128205129,0.8461538461538461,0.9487179487179487,0.41025641025641024,2.3076923076923075,1.2307692307692308,15.512820512820513
Vince Williams Jr.,7.76595744680851,2.4893617021276597,4.287234042553192,0.6914893617021277,0.4574468085106383,1.3829787234042554,3.5319148936170213,1.6595744680851063,21.69148936170213
Pete Nance,1.9523809523809523,0.47619047619047616,1.1428571428571428,0.14285714285714285,0.09523809523809523,0.23809523809523808,1.1904761904761905,0.19047619047619047,7.857142857142857
AJ Green,5.774390243902439,0.975609756097561,1.725609756097561,0.3170731707317073,0.06707317073170732,0.3719512195121951,3.8841463414634148,0.3048780487804878,15.963414634146341
Jamal Cain,4.827160493827161,0.5432098765432098,2.1481481481481484,0.5432098765432098,0.18518518518518517,0.4444444444444444,1.617283950617284,1.1728395061728396,12.345679012345679
Justin Minaya,1.6842105263157894,0.5614035087719298,1.4210526315789473,0.2982456140350877,0.2807017543859649,0.3157894736842105,1.2456140350877194,0.21052631578947367,10.0
Cole Swider,3.142857142857143,0.34285714285714286,1.1714285714285715,0.14285714285714285,0.08571428571428572,0.34285714285714286,2.4285714285714284,0.08571428571428572,8.485714285714286
Lester Quinones,4.814814814814815,1.1481481481481481,1.7407407407407407,0.18518518518518517,0.07407407407407407,0.6666666666666666,2.5185185185185186,0.8888888888888888,11.018518518518519
Sidy Cissoko,2.264705882352941,0.7352941176470589,1.2647058823529411,0.2647058823529412,0.11764705882352941,0.4117647058823529,0.7352941176470589,0.7058823529411765,7.5
Simone Fontecchio,7.595854922279793,1.077720207253886,2.8341968911917097,0.46632124352331605,0.22279792746113988,0.8341968911917098,3.8963730569948187,1.005181347150259,18.89119170984456
Tazé Moore,4.0,1.0,2.6666666666666665,0.6666666666666666,0.0,0.8333333333333334,1.8333333333333333,0.6666666666666666,10.0
Nate Williams,3.851063829787234,0.5531914893617021,1.0851063829787233,0.3191489361702128,0.14893617021276595,0.46808510638297873,0.8297872340425532,0.5106382978723404,8.553191489361701
Victor Wembanyama,22.54700854700855,3.7777777777777777,10.777777777777779,1.1965811965811965,3.675213675213675,3.4957264957264957,6.811965811965812,4.752136752136752,31.05128205128205
Brandon Miller,18.287128712871286,2.702970297029703,4.415841584158416,0.9405940594059405,0.6138613861386139,2.0594059405940595,7.782178217821782,2.495049504950495,32.73267326732673
Taylor Hendricks,7.116279069767442,0.7906976744186046,4.651162790697675,0.7674418604651163,0.7906976744186046,0.6744186046511628,3.5348837209302326,0.7674418604651163,21.627906976744185
Amen Thompson,11.923664122137405,3.267175572519084,7.427480916030534,1.3358778625954197,0.9694656488549618,1.7404580152671756,1.1374045801526718,3.068702290076336,27.580152671755727
Ausar Thompson,9.426229508196721,2.081967213114754,5.778688524590164,1.360655737704918,0.8114754098360656,1.3442622950819672,1.3278688524590163,2.139344262295082,23.852459016393443
Anthony Black,7.156462585034014,2.251700680272109,2.510204081632653,0.8231292517006803,0.46938775510204084,1.3265306122448979,1.965986394557823,1.8843537414965987,20.755102040816325
Gradey Dick,11.289473684210526,1.456140350877193,2.8508771929824563,0.7192982456140351,0.10526315789473684,1.1666666666666667,4.973684210526316,1.8070175438596492,25.04385964912281
Rayan Rupert,3.4065934065934065,0.9560439560439561,1.7802197802197801,0.3076923076923077,0.07692307692307693,0.6703296703296703,1.5054945054945055,0.6043956043956044,12.0
GG Jackson,11.792207792207792,1.1428571428571428,3.74025974025974,0.5194805194805194,0.37662337662337664,1.2467532467532467,4.9480519480519485,2.5064935064935066,21.961038961038962
Cam Whitmore,10.775510204081632,0.8367346938775511,3.377551020408163,0.6224489795918368,0.30612244897959184,0.9387755102040817,4.112244897959184,1.8775510204081634,17.408163265306122
Jarace Walker,5.37962962962963,1.3888888888888888,2.7037037037037037,0.6388888888888888,0.3333333333333333,0.8796296296296297,2.2222222222222223,0.7222222222222222,14.13888888888889
Cason Wallace,7.526666666666666,1.9533333333333334,2.7733333333333334,1.3066666666666666,0.48,0.6933333333333334,2.9466666666666668,0.49333333333333335,23.786666666666665
Keyonte George,14.78169014084507,4.992957746478873,3.267605633802817,0.5774647887323944,0.11267605633802817,2.612676056338028,6.669014084507042,3.5774647887323945,29.091549295774648
Jalen Hood-Schifino,3.888888888888889,1.25,1.1111111111111112,0.2222222222222222,0.25,0.75,1.6944444444444444,1.1388888888888888,11.75
Maxwell Lewis,2.0483870967741935,0.4032258064516129,0.9516129032258065,0.1774193548387097,0.12903225806451613,0.3870967741935484,0.9516129032258065,0.20967741935483872,6.935483870967742
Jordan Hawkins,9.170731707317072,1.1056910569105691,2.4878048780487805,0.3983739837398374,0.24390243902439024,0.7967479674796748,5.121951219512195,1.4471544715447155,20.170731707317074
Kobe Bufkin,4.962962962962963,1.6296296296296295,2.0,0.37037037037037035,0.25925925925925924,0.6666666666666666,2.185185185185185,0.9629629629629629,11.814814814814815
Jett Howard,3.7948717948717947,0.6410256410256411,0.9871794871794872,0.19230769230769232,0.16666666666666666,0.5,2.7051282051282053,0.34615384615384615,9.833333333333334
Dereck Lively II,8.758241758241759,1.5934065934065933,7.1208791208791204,0.6153846153846154,1.4615384615384615,1.0,0.02197802197802198,1.6923076923076923,23.373626373626372
Brice Sensabaugh,9.83495145631068,1.6019417475728155,3.029126213592233,0.5728155339805825,0.13592233009708737,1.4951456310679612,4.728155339805825,1.1067961165048543,19.57281553398058
Noah Clowney,8.014492753623188,0.8405797101449275,3.7971014492753623,0.463768115942029,0.5362318840579711,0.8840579710144928,4.260869565217392,1.5942028985507246,20.463768115942027
Bilal Coulibaly,10.319672131147541,2.5327868852459017,4.508196721311475,1.1065573770491803,0.7295081967213115,1.7377049180327868,3.3524590163934427,2.5901639344262297,30.016393442622952
Colby Jones,3.2028985507246377,0.927536231884058,1.8405797101449275,0.4782608695652174,0.2608695652173913,0.4782608695652174,1.0289855072463767,0.6666666666666666,10.231884057971014
Nick Smith Jr.,8.045045045045045,1.837837837837838,1.8018018018018018,0.24324324324324326,0.11711711711711711,1.09009009009009,4.072072072072072,0.5495495495495496,18.89189189189189
Emoni Bates,3.12,0.72,0.84,0.08,0.12,0.4,2.52,0.16,8.28
Kobe Brown,1.9761904761904763,0.5833333333333334,1.5119047619047619,0.2261904761904762,0.11904761904761904,0.25,0.8809523809523809,0.10714285714285714,7.928571428571429
Toumani Camara,9.52027027027027,1.7702702702702702,5.358108108108108,1.2297297297297298,0.5608108108108109,1.304054054054054,3.5945945945945947,1.5202702702702702,28.966216216216218
Ricky Council IV,6.714285714285714,1.0761904761904761,2.4761904761904763,0.38095238095238093,0.13333333333333333,0.5428571428571428,2.3333333333333335,2.1333333333333333,14.647619047619047
Andre Jackson Jr.,2.8629032258064515,1.0725806451612903,2.379032258064516,0.4032258064516129,0.16129032258064516,0.6935483870967742,0.9838709677419355,0.28225806451612906,12.516129032258064
Chris Livingston,1.3333333333333333,0.23809523809523808,1.3333333333333333,0.16666666666666666,0.0,0.2619047619047619,0.30952380952380953,0.47619047619047616,4.666666666666667
Seth Lundy,1.5555555555555556,0.0,0.7777777777777778,0.0,0.0,0.1111111111111111,1.4444444444444444,0.4444444444444444,5.666666666666667
Jordan Miller,3.6666666666666665,0.7555555555555555,1.4,0.37777777777777777,0.1111111111111111,0.6,0.8888888888888888,0.8222222222222222,9.955555555555556
Julian Phillips,3.823529411764706,0.4369747899159664,1.7226890756302522,0.37815126050420167,0.226890756302521,0.31092436974789917,1.6050420168067228,0.7983193277310925,12.142857142857142
Brandin Podziemski,10.355072463768115,3.572463768115942,5.449275362318841,0.9420289855072463,0.1956521739130435,1.181159420289855,3.9347826086956523,1.2608695652173914,26.695652173913043
Olivier-Maxence Prosper,3.5,0.6739130434782609,2.2282608695652173,0.358695652173913,0.10869565217391304,0.2391304347826087,1.0434782608695652,1.2717391304347827,10.0
Adama Sanogo,3.3846153846153846,0.07692307692307693,3.230769230769231,0.07692307692307693,0.0,0.46153846153846156,0.0,0.9230769230769231,6.6923076923076925
Ben Sheppard,4.866666666666666,1.15,2.216666666666667,0.5916666666666667,0.13333333333333333,0.30833333333333335,2.9583333333333335,0.44166666666666665,17.025
Tristan Vukcevic,9.222222222222221,1.1555555555555554,3.688888888888889,0.35555555555555557,0.6666666666666666,1.1555555555555554,3.066666666666667,1.9777777777777779,14.777777777777779
Jordan Walsh,1.5901639344262295,0.39344262295081966,1.459016393442623,0.2786885245901639,0.19672131147540983,0.32786885245901637,1.0491803278688525,0.22950819672131148,7.967213114754099
Tosan Evbuomwan,8.177777777777777,1.5777777777777777,4.0,0.6666666666666666,0.3333333333333333,1.0666666666666667,2.422222222222222,2.1777777777777776,22.91111111111111
Hunter Tyson,2.2318840579710146,0.3188405797101449,1.2608695652173914,0.15942028985507245,0.08695652173913043,0.2318840579710145,1.2753623188405796,0.4057971014492754,6.478260869565218
Craig Porter Jr.,4.637254901960785,1.8529411764705883,1.7254901960784315,0.37254901960784315,0.29411764705882354,0.8137254901960784,0.803921568627451,0.8627450980392157,11.392156862745098
Duop Reath,7.114035087719298,0.8157894736842105,3.0,0.39473684210526316,0.45614035087719296,0.5964912280701754,3.0789473684210527,1.0087719298245614,14.763157894736842
Trey Jemison III,4.222222222222222,0.6825396825396826,3.7936507936507935,0.3333333333333333,0.6825396825396826,0.9206349206349206,0.0,0.9206349206349206,15.333333333333334
